English,Tigrigna,POS_CATEGORIES,POS,MorphFeatures
a little,"ንእሽቶይ, ቁሩብ,ውሕድ",(adv) adverb,adverb,none
a long time,ነዊሕ ግዝ,(adv) adverb,adverb,none
a lot,ብዙሕ,(adv) adverb,adverb,none
abandon,"ገደፈ, ረጥረጠ",(v) verb,verb,none
abandonment,ርጥረጣ,(n) noun,noun,none
abbot,ኣባ,(n) noun,noun,none
ability,"ጥበብ, ክእለት, ብቕዓት",(n) noun,noun,none
able,"ጥበባዊ, ክእለታዊ",(a) adjective,adjective,none
above,ኣብ ልዕሊ,(adv) adverb,adverb,none
abrupt,ሃንደበት,(n) noun,noun,none
abruptly,ብጋህዲ,(adv) adverb,adverb,none
abscess,ሓገል,(n) noun,noun,none
absence,ብኩራት,(n) noun,noun,none
absent (from oneself),ቦኾረ,(v) verb,verb,none
absent,ብኹር,(a) adjective,adjective,none
absent minded,ዝንጉዕ,(a) adjective,adjective,none
absent mindedness,ምዝንጋዕ,(n) noun,noun,none
absolute,ፍጹም,(a) adjective,adjective,none
absolutely,ብፍጹም,(adv) adverb,adverb,none
absolve,ፈተሐ,(v) verb,verb,none
abundance,"ታዐሚ, እኹልተረፍ",(n) noun,noun,none
abuse,"በደል, ጸርፊ",(n) noun,noun,none
abuse,ጸረፈ,(v) verb,verb,none
abusive,በደላዊ,(a) adjective,adjective,none
abusively,ብድላ,(a) adjective,adjective,none
accept,ተቐበለ,(v) verb,verb,none
accident,ሓደጋ,(n) noun,noun,none
accidental,"ሓደጋዊ, ሃንደበታዊ",(a) adjective,adjective,none
accidentally,ብሓደጋ,(a) adjective,adjective,none
acclaim,ኣጨብጨበ,(v) verb,verb,none
acclamation,ውዕውዕ ደገፍታ,(n) noun,noun,none
accompany,ኣሰነየ,(v) verb,verb,none
account,ሕሳብ,(n) noun,noun,none
accuracy,"ሓቂ, ልክዕ, ቅኑዕ,ልክዕነት",(n) noun,noun,none
accurate,"ሓቓዊ, ልክዓዊ, ቕንዓዊ",(a) adjective,adjective,none
accurately,"ብሓቂ, ብልክዕ,ብቑኑዕ",(a) adjective,adjective,none
accusation,"ወከሰ, ክሲ",(n) noun,noun,none
accuse,"ምውካስ, ከሰሰ",(v) verb,verb,none
accuser,"ወካሲት, ከሳሲት",(nf) noun feminine,noun,feminine
accuser,"ወካሲ, ከሳሲ",(nm) noun masculine,noun,masculine
accusers,"ወከስቲ, ከሰስቲ",(np) noun plural,noun,plural
"accustomed, get",ኣልመደ,(v) verb,verb,none
ache,ቓንዛ,(n) noun,noun,none
achieve,ፈጸመ,(v) verb,verb,none
achievement,ጭብጢ,(n) noun,noun,none
aching,መቐንዘዊ,(a) adjective,adjective,none
achy,ቓንዛዊ,(a) adjective,adjective,none
acidic,መጺጽ,(a) adjective,adjective,none
acorn,ፍረ ኦክ,(n) noun,noun,none
acquaint,"ምልላይ, ምፍላጥ",(v) verb,verb,none
acquaintance,"ሌላ, ፍልጠት",(n) noun,noun,none
acquire,ረኸበ,(v) verb,verb,none
acquit,"ፈተሐ, ንጹህ, ቕንዕና",(v) verb,verb,none
acquittal,"ምኽፋል ዕዳ,",(n) noun,noun,none
act,"ገበረ, ምግባር, ምትውሳእ",(v) verb,verb,none
action,"ተግባር, ግብሪ",(n) noun,noun,none
actively,"ተግባራዊ, ግብራዊ",(a) adjective,adjective,none
activity,"ንጥፈት, ስራሕ",(n) noun,noun,none
actor,ተዋሳአይ,(nm) noun masculine,noun,masculine
actors,ተዋሰእቲ,(pl) noun plural,noun,plural
actress,ተዋሳኢት,(nf) noun feminine,noun,feminine
actresses,ተዋሰእቲ,(pl) noun plural,noun,plural
add,ደመረ,(v) verb,verb,none
addition,ምድማር,(n) noun,noun,none
address,ኣድራሻ,(n) noun,noun,none
addressee,ተቐባላይ,(n) noun,noun,none
adjacent,ጎረቤት,(an) adjective noun,adjective,noun-derived
adjust,"ተቖጻጸረ, ምልዋጥ,",(v) verb,verb,none
administer,ኣምሓደረ,(v) verb,verb,none
administration,ምምሕዳር,(n) noun,noun,none
administrations,ምምሕዳራት,(n) noun,noun,none
administrator,አማሓዳሪት,(nf) noun feminine,noun,feminine
administrator,አማሓዳሪ,(nm) noun masculine,noun,masculine
administrators,አማሓደርቲ,(npl) noun plural,noun,plural
admirable,ድንቂ,(a) adjective,adjective,none
admiration,ኣድንቖት,(n) noun,noun,none
admire,ኣድነቐ,(v) verb,verb,none
admit,ተኣመነ,(v) verb,verb,none
adolescence,ጉብዝና,(n) noun,noun,none
adorable,"(af) ኣደናቒት, ምጩውቲ",(uncategorized) Uncategorized,uncategorized,none
adorable,"(am) ኣደናቒ, ምጩይ",(uncategorized) Uncategorized,uncategorized,none
adore,"ኣምለኸ, ምድናቕ,",(v) verb,verb,none
advance,ቅድሚት,(n) noun,noun,none
advantage,ረብሓ,(n) noun,noun,none
adventure,ዕንደራ,(n) noun,noun,none
adversary,ተጻራሪ,(n) noun,noun,none
advertisement,ረክላም,(n) noun,noun,none
advice,ምኽሪ,(n) noun,noun,none
advise,መኸረ,(v) verb,verb,none
adviser,ኣማኻሪ,(nm) noun masculine,noun,masculine
advocate,"ጠበቓ, ወከል, ሐገዝ",(n) noun,noun,none
advocate,"ምውካል, ምሕጋዝ",(v) verb,verb,none
advocator,"ወካሊት, ሐጋዚት",(nf) noun feminine,noun,feminine
advocator,"ወካሊ, ሓጋዚ",(nm) noun masculine,noun,masculine
advocator,"ወከልቲ, ሓገዝቲ",(npl) noun plural,noun,plural
aerate,ኣናፈሰ,(v) verb,verb,none
affect,"ሳዕቤን, ተንከፈ",(v) verb,verb,none
affection,"ስምዒት, ፍቕሪ",(n) noun,noun,none
affectionate,"ስምዒታዊ, ፈቃር",(a) adjective,adjective,none
affirm,"ምርግጋጽ, ኣመስለ",(v) verb,verb,none
affirmable,ርግጻዊ,(a) adjective,adjective,none
affirmably,ብርግጽ,(adv) adverb,adverb,none
afford,"ምኽኣል, ኪኸፍል",(v) verb,verb,none
affordable,ክኣል,(a) adjective,adjective,none
"afraid, be",ፈርሐ,(v) verb,verb,none
after,ድሕሪ ሓጺር ግዜ,(adv) adverb,adverb,none
afterwards,ቀጺሉ,(adv) adverb,adverb,none
afterwards,ድሓር,(prep) preposition,preposition,none
age,ዕድመ ሂወት,(n) noun,noun,none
age,ኣረገ,(v) verb,verb,none
aged,ኣረጊት,(an) adjective noun,adjective,noun-derived
agency,ወካሊት,(nf) noun feminine,noun,feminine
agency,ወካሊ,(nm) noun masculine,noun,masculine
agency,ወከልቲ,(npl) noun plural,noun,plural
agile,ንጡፍ,(a) adjective,adjective,none
agitate,ምዕግርጋር,(v) verb,verb,none
agitation,"ዕግርግር, ረብሻ",(n) noun,noun,none
agony,ጭንቀት,(n) noun,noun,none
agree,"ምስምማዕ, ተሰማምዐ",(v) verb,verb,none
agreeable,ዝሰማማዕ,(a) adjective,adjective,none
agreement,ስምምዕ,(n) noun,noun,none
agricultural,ሕርሻዊ,(a) adjective,adjective,none
agriculture,ሕርሻ,(n) noun,noun,none
ahead,ብቕድሚ,(adv) adverb,adverb,none
aid,ረዲኤት,(n) noun,noun,none
aim,ሃቀነ,(v) verb,verb,none
aim at,ጨመተ,(v) verb,verb,none
air,"ንፋስ, ኣየር",(n) noun,noun,none
airplane,ነፋሪት,(n) noun,noun,none
airport,መዕረፍ ነፈርቲ,(n) noun,noun,none
alarm,"መጠንቀቕታ,",(n) noun,noun,none
alarm,ምጥንቓቕ,(v) verb,verb,none
alight (set),ተባርዐ,(v) verb,verb,none
align,"ረበበ, ምግጣም, ምስራዕ",(v) verb,verb,none
alive,ሂወታዊ,(a) adjective,adjective,none
"alive, be","ነበረ, ምህላው,ምትንፋስ",(v) verb,verb,none
all,ኩሉ,(adv) adverb,adverb,none
alliance,"ኪዳን, ምሕዝና,ምሕዝነት",(n) noun,noun,none
allow,ኣፍቀደ,(v) verb,verb,none
alone,"እንኮ ንብሕቶ, ጽሙዋ",(a) adjective,adjective,none
alphabet,ፈደል,(n) noun,noun,none
already,(n adv) ድሮ,(uncategorized) Uncategorized,uncategorized,none
always,ኩሉ ግዜ,(adv) adverb,adverb,none
amateur,ተልመደን,(n) noun,noun,none
amaze,"ኣገረመ, ምግራም,ምድናቕ",(v) verb,verb,none
amazed,"ኣገራሚ, ኣደናቒ",(a) adjective,adjective,none
amazedly,"ብምግራም,ብምድናቕ",(adv) adverb,adverb,none
amazing,ሃንደበታዊ,(a) adjective,adjective,none
ambition,ትምኒት,(n) noun,noun,none
ambulance,ኣምቡላንስ,(n) noun,noun,none
amenable,ምእዙዝ,(a) adjective,adjective,none
amends,ጽገና,(n) noun,noun,none
amount,"ድምር, ክንደይ",(n) noun,noun,none
ample,ገፊሕ,(a) adjective,adjective,none
amuse,"ኣስሓቐ, ኣዘናገዐ,ምስሓቕ, ምዝንጋዕ, ምጽዋት",(v) verb,verb,none
amusement,"ምዝንጋዕ,",(n) noun,noun,none
amusing,መስሓቕ,(a) adjective,adjective,none
ancestor,ወለዶ,(n) noun,noun,none
ancient,ጥንታዊ,(a) adjective,adjective,none
angel,መልኣኽ,(n) noun,noun,none
anger,"ሕርቓን, ኩራ",(n) noun,noun,none
anger,"ምሕራቕ, ምኹራይ",(v) verb,verb,none
angle,ኩርናዕ,(n) noun,noun,none
angry,"ሓራቕ, ኾራዪ",(a) adjective,adjective,none
angry,"(af) ኾራይት, ኩርፍፍቲ",(uncategorized) Uncategorized,uncategorized,none
angry,(am) ኾርፋፍ,(uncategorized) Uncategorized,uncategorized,none
anguish,ጭንቀት,(n) noun,noun,none
animal,እንስሳ,(n) noun,noun,none
animate,ህይወት ሃበ,(v) verb,verb,none
ankle,"ግንቦ እግሪ, ኩርናዕ እግሪ",(n) noun,noun,none
announce,ኣወጀ,(v) verb,verb,none
announcement,"መግለጺ,ታእዋጅ, መልእኽቲ",(n) noun,noun,none
annoy,ኣሕረቐ,(v) verb,verb,none
"annoyed, get",ኮረየ,(v) verb,verb,none
annual,ዓመታዊ,(a) adjective,adjective,none
answer,መልሲ,(n) noun,noun,none
answer,መለሰ,(v) verb,verb,none
ant,ጻጸ,(n) noun,noun,none
antenna,ቅርኒብ ሓሸራ,(n) noun,noun,none
ant hill,ጉላ,(n) noun,noun,none
anticipated,ኣቐዲምካ ዝግበር,(a) adjective,adjective,none
antique,ጥንታዊ,(a) adjective,adjective,none
antiquity,ጥንቲ,(n) noun,noun,none
anvil,ወጸቓ,(n) noun,noun,none
anxiety,"ሃንቀውታ, ጭንቀት,ሽግርግር",(n) noun,noun,none
"anxiety, have",ተሻቐለ,(v) verb,verb,none
anxious,ሽጉር,(a) adjective,adjective,none
any,ኩሉ,(adv) adverb,adverb,none
anybody,ሰብ,(n) noun,noun,none
anything,ገለኳ,(adv) adverb,adverb,none
apartment,ገዛ,(n) noun,noun,none
apologize,ይቕረታ ሓተተ,(v) verb,verb,none
appalling,"ኣሰንባዲ, ኣገራሚ,",(a) adjective,adjective,none
apparatus,መሳርሒ,(n) noun,noun,none
appeal,"ይግባይ, ሕቶ",(n) noun,noun,none
appeal,ምሕታት,(v) verb,verb,none
appear,ተራእየ,(v) verb,verb,none
appear suddenly,ተቐልቀለ,(v) verb,verb,none
appearance,ምቕልቃል,(n) noun,noun,none
appease,ኣህደአ,(v) verb,verb,none
applaud,"ኣንጨብጨበ, ምጥቓዕ,ምምስጋን",(v) verb,verb,none
applauder,ኣጣቓዒት,(nf) noun feminine,noun,feminine
applauder,ኣጣቓዓይ,(nm) noun masculine,noun,masculine
applauder,መጣቐዕቲ,(npl) noun plural,noun,plural
applause,"ጨብጨብታ, ጣቕዒት",(n) noun,noun,none
apple,"ቱፋሕ, ቱፋህ, ሜለ",(n) noun,noun,none
apple tree,ቱፋሕ ገረብ,(n) noun,noun,none
application,ተገዳስነት,(n) noun,noun,none
applied,ትጉህ,(a) adjective,adjective,none
apply,ሓተተ,(v) verb,verb,none
apply for,(vn) ጠለበ,(uncategorized) Uncategorized,uncategorized,none
appoint,ሰየመ,(v) verb,verb,none
appointment,ቆጸራ,(n) noun,noun,none
appraise,ገመተ,(v) verb,verb,none
appreciable,"ተነካኢ, ፉሉጥ,ሞገስ",(a) adjective,adjective,none
appreciate,"ኣሞገሰ, ምምስጋን",(v) verb,verb,none
apprenticeship,ልምምድ,(n) noun,noun,none
approach,ቀረበ,(v) verb,verb,none
approval,ምጽዳቕ,(n) noun,noun,none
approve of,ኣጽደቐ,(v) verb,verb,none
apricot tree,ሚሽሚሽ ገረብ,(n) noun,noun,none
April,ሚያዝያ,(n) noun,noun,none
apron,ግርምብያለ,(n) noun,noun,none
aptitude,ቅሊ,(n) noun,noun,none
arc,"ቀሸም, ቀስቲ",(n) noun,noun,none
ardent,ረሳን,(a) adjective,adjective,none
area,"ዞባ, ቦታ",(n) noun,noun,none
argue,"ተኻትዐ, ምክታዕ, ምቁያቕ",(v) verb,verb,none
arithmetic,ቁጽሪ,(n) noun,noun,none
arm,ቅልጽም,(n) noun,noun,none
arm,ኣዕጠቐ,(v) verb,verb,none
armchair,ኩርሲ,(n) noun,noun,none
armistice,ግዚያዊ,(a) adjective,adjective,none
arms,የእዳዎ,(n) noun,noun,none
army,ሰራዊት,(n) noun,noun,none
arouse,ተበራበረ,(v) verb,verb,none
arrange,"ኣዳለወ, ምምዕራይ",(v) verb,verb,none
arrest,ማእሰርቲ,(n) noun,noun,none
arrest,ኣሰረ,(v) verb,verb,none
arrive,በጽሐ,(v) verb,verb,none
art,"ጥበብ, ስእሊ",(n) noun,noun,none
artery,"ኣርተሪ, ሰራውር",(n) noun,noun,none
article,ዓንቀጽ,(n) noun,noun,none
artificial lake,"ጋብላ, ዒላ",(n) noun,noun,none
artist,"ጥበበኛ, ሳኣላይ",(n) noun,noun,none
as far as,(adv prep) ክሳብ,(uncategorized) Uncategorized,uncategorized,none
as many,ብጣዕሚ,(adv) adverb,adverb,none
as much,ብጣዕሚ,(adv) adverb,adverb,none
as well,ከምኡውን,(adv) adverb,adverb,none
ascent,ዕርገት,(n) noun,noun,none
ashamed,ዘሕፍር,(a) adjective,adjective,none
ashes,ሓሙኹሽቲ,(n) noun,noun,none
ask,ሓተተ,(v) verb,verb,none
assassin,ቀታሊ,(an) adjective noun,adjective,noun-derived
assassinate,ቀተለ,(v) verb,verb,none
assemble,"ኣላገበ, ምግጣም,ምዕራይ",(v) verb,verb,none
assembly,"ባይቶ, ጉባኤ",(n) noun,noun,none
assert,ኣረጋገጸ,(v) verb,verb,none
assess,ገመተ,(v) verb,verb,none
assign,መዘዘ,(v) verb,verb,none
assist,ሓገዘ,(v) verb,verb,none
assistance,ሓገዝ,(n) noun,noun,none
association,ማሕበር,(n) noun,noun,none
assurance,መተኣማመኒ,(n) noun,noun,none
astonish,"ኣገረሀ, ኣገረመ",(v) verb,verb,none
astonished (to be),ተገረመ,(v) verb,verb,none
astonishment,ድንጽዉና,(n) noun,noun,none
at,ኣብ,(prep) preposition,preposition,none
at last,ኣብ መዳእታ,(adv) adverb,adverb,none
at least,"ብብዚሒ, ብዉሕድ",(adv) adverb,adverb,none
atmosphere,ሃዋህው,(n) noun,noun,none
attach oneself to,ጠበቐ,(v) verb,verb,none
attachment,ጥብቀት,(n) noun,noun,none
attack,ኣጥቅዐ,(v) verb,verb,none
attempt,(nv) ፈተነ,(uncategorized) Uncategorized,uncategorized,none
attend,ተኻፈለ,(v) verb,verb,none
attention,"ጥንቃቐ, ኣድህብ,ኣስተውዕል",(n) noun,noun,none
attentive,"ጥንቁቕ, ኣድሃቢ,",(a) adjective,adjective,none
attentively,ብጥንቃቐ,(adv) adverb,adverb,none
attorney,ጠበቓ,(n) noun,noun,none
attract,ማረኸ,(v) verb,verb,none
attractiveness,ማርኾት,(n) noun,noun,none
attribute,መዘዘ,(v) verb,verb,none
August,ነሓሰ,(n) noun,noun,none
aunt (father's side),ኣሞ,(n) noun,noun,none
aunt (mother's side),ሓትነ -ሓትኖ,(n) noun,noun,none
author,"ደራሲ, ደራሳይ, ጸሓፋይ",(n) noun,noun,none
authority,ሰበ ስልጣን,(n) noun,noun,none
authorize,ኣፍቀደ,(v) verb,verb,none
automatic,ኣውቶማቲክ,(a) adjective,adjective,none
autumn,ቀውዒ,(n) noun,noun,none
autumnal,ናይ ቀውዒ,(a) adjective,adjective,none
avenge,ሕነ ፈደየ,(v) verb,verb,none
avenue,ዓብይ ጎደና,(n) noun,noun,none
avert,ፈላለየ,(v) verb,verb,none
avoid,ወገደ,(v) verb,verb,none
awakening,"ሰዓት ደወል,ትንሳኤ, ሓዲሽ ምጅማር",(n) noun,noun,none
award,ብልጫ,(n) noun,noun,none
"aware of, be",ፈለጠ,(v) verb,verb,none
"away, take",ወሰደ,(v) verb,verb,none
"away, turn",ኣለየ,(v) verb,verb,none
axe,ፋስ,(n) noun,noun,none
babble,ኣዕዘምዘመ,(v) verb,verb,none
baby,ሕጻን,(n) noun,noun,none
bachelor,ዘይምርዕዉ,(an) adjective noun,adjective,noun-derived
back (body),ሕቆ,(n) noun,noun,none
back (return),ድሕሪት,(n) noun,noun,none
back away,ደሓረ,(v) verb,verb,none
"back, go",ተመለሰ,(v) verb,verb,none
"back, take",መለሰ,(v) verb,verb,none
background,ማዓሙቕ,(n) noun,noun,none
backward,ድሕሪት,(n) noun,noun,none
bad,ሕማቕ,(a) adjective,adjective,none
bad luck,ሕማቕ ዕድል,(n) noun,noun,none
bag,ሳንጣ,(n) noun,noun,none
baggage,"ባልጃ, ኣቑሑ ጉዕዞ",(n) noun,noun,none
bait,መቑለብ ዓሳ,(n) noun,noun,none
baker,ሰንካቲ,(n) noun,noun,none
baker's shop,እንዳ ባኒ,(n) noun,noun,none
balance,ሚዛን,(n) noun,noun,none
balcony,ባልኮን,(n) noun,noun,none
ball,ኩዕሶ,(n) noun,noun,none
ban,ወገደ,(v) verb,verb,none
banana,ባናና,(n) noun,noun,none
band,መጥመሪ,(n) noun,noun,none
bandage,"ኣተሓኻኸማ, ቺረቶ",(n) noun,noun,none
bandit,ሽፍታ,(n) noun,noun,none
bang,"ዘበጠ, ምህራም, ምዝባጥ",(v) verb,verb,none
bang on,ወቕዐ,(v) verb,verb,none
bank,ባንክ,(n) noun,noun,none
banker,ባንከኛ,(n) noun,noun,none
baptism,ጥምቀት,(n) noun,noun,none
bar,"መደንደል, ቤት መስተ",(n) noun,noun,none
barbed wire,"ትሪኮላታ, እሾኽ",(n) noun,noun,none
barge,ባርካ,(n) noun,noun,none
bark,"ቅላጥ, ቅላጥ ዕንጨይቲ",(n) noun,noun,none
bark,ነብሐ,(v) verb,verb,none
barley,ስገም,(n) noun,noun,none
barn,መኽዘን አኽሊ,(n) noun,noun,none
barometer,ባሮሜተር,(n) noun,noun,none
barrel,"መድፍዕ, ፊስቶ",(n) noun,noun,none
barren,መኻን,(a) adjective,adjective,none
barrier,መጋረዲ,(n) noun,noun,none
barring,ግድብ,(n) noun,noun,none
barrister,ጠበቓ,(n) noun,noun,none
basil,"ቤዚል, ባዘሊኮ",(n) noun,noun,none
basin,ጋብላ,(n) noun,noun,none
basket,ዘንቢል,(n) noun,noun,none
bath,ምሕጻብ ነብሲ,(n) noun,noun,none
bathe,ተሓጸበ,(v) verb,verb,none
baton,ዘንጊ,(n) noun,noun,none
battalion,ቦጦሎኒ,(n) noun,noun,none
battle,ውግእ,(n) noun,noun,none
battlefield,ዓውደ ውግእ,(n) noun,noun,none
bazaar,"ባዛር, ዕዳጋ",(n) noun,noun,none
be (descriptive),እዩ,(v) verb,verb,none
be (present),ኣሎ,(v) verb,verb,none
beach,ገምገም ባሕሪ,(n) noun,noun,none
bead,ሉል,(n) noun,noun,none
beam,ጩራ,(n) noun,noun,none
bean,ፋጆሊ,(n) noun,noun,none
beans,ባሎንኌ,(n) noun,noun,none
beans stew,ትምቲሞ,(n) noun,noun,none
bear,ድቢ,(n) noun,noun,none
bear out,ኣጸረየ,(v) verb,verb,none
beard,ጭሕሚ,(n) noun,noun,none
beast,እንስሳ,(n) noun,noun,none
beat,"ሃረመ, ሰዓረ",(v) verb,verb,none
beautiful,ጽቡቕ,(a) adjective,adjective,none
beauty,ጽባቐ,(n) noun,noun,none
become,ኮነ,(v) verb,verb,none
become rich,ሃብተመ,(v) verb,verb,none
bed,ዓራት,(n) noun,noun,none
"bed, v",ደቀሰ,(v) verb,verb,none
bedroom,መደቀሲ ከፍሊ,(n) noun,noun,none
bee,ንህቢ,(n) noun,noun,none
beech,ቢቸ,(n) noun,noun,none
beef,ስጋ ከብቲ,(n) noun,noun,none
beef stew,"ኣልጫ, ዝግኒ",(n) noun,noun,none
beehive,ጎጆ ንህቢ,(n) noun,noun,none
beer,ቢራ,(n) noun,noun,none
beet,ቀይሕ ሱር,(n) noun,noun,none
before,ቅድም,(prep) preposition,preposition,none
before long,ብቑልጡፍ,(adv) adverb,adverb,none
beg,ለመነ,(v) verb,verb,none
beggar,ለማኒ,(n) noun,noun,none
begin,ጀመረ,(v) verb,verb,none
beginner,ተልምደን,(n) noun,noun,none
beginning,መጀመርታ,(n) noun,noun,none
behave,ትኣደበ,(v) verb,verb,none
behind,ብድሕሪ,(adv) adverb,adverb,none
belief,እምነት,(n) noun,noun,none
believe,ኣመነ,(v) verb,verb,none
bell,ቃጭል,(n) noun,noun,none
belly,ከብዲ,(n) noun,noun,none
below,ኣብ ትሕቲ,(adv) adverb,adverb,none
belt,ቁልፊ,(n) noun,noun,none
bench,ባንኮ,(n) noun,noun,none
bend,ዓጸፈ,(v) verb,verb,none
bend down,ደነነ,(v) verb,verb,none
benefit,ረብሓ,(n) noun,noun,none
benevolence,ሕያውነት,(n) noun,noun,none
benevolent,ሕያዋይ,(a) adjective,adjective,none
berry,ነብሒ,(n) noun,noun,none
betray,ከድዐ,(v) verb,verb,none
beverage,መስተ,(n) noun,noun,none
bicycle,ብሽክለታ,(n) noun,noun,none
big,ገዚፍ,(a) adjective,adjective,none
big finger,ዓባይ ዓባይቶ,(n) noun,noun,none
big toe,ዓባይ ዓባይቶ,(n) noun,noun,none
bill,ቅብሊት,(n) noun,noun,none
billion,ቢልዮን,(n) noun,noun,none
bind,ጥማር,(an) adjective noun,adjective,noun-derived
biology,ባዮሎጂ,(n) noun,noun,none
bird,ጭሩ,(n) noun,noun,none
"birth, give",ሓረሰት,(v) verb,verb,none
birthday,ልደት,(a) adjective,adjective,none
biscuit,ቢስኮቲ,(n) noun,noun,none
bishop,ኣቡን,(n) noun,noun,none
bit,ቁራጽ,(n) noun,noun,none
bite,ነኸሰ,(v) verb,verb,none
bitter,መሪር,(a) adjective,adjective,none
bizarre,ዘገርም,(a) adjective,adjective,none
black,ጸሊም,(a) adjective,adjective,none
black pepper,በርበረ ጸሊም,(n) noun,noun,none
blackbird,ዋሪ,(n) noun,noun,none
blackboard,ሰሌዳ,(n) noun,noun,none
bladder,ፊሕኛ,(n) noun,noun,none
blame,ከሰሰ,(v) verb,verb,none
blanket,ኮቦርታ,(n) noun,noun,none
blaze,ተቓጸለ,(v) verb,verb,none
bleat (from a sheep),እምቤዕ በለ,(v) verb,verb,none
bleed,ደመየ,(v) verb,verb,none
bless,መረቐ,(v) verb,verb,none
blessing,ምርቓ,(n) noun,noun,none
blind,ዓይነ ስዉር,(a) adjective,adjective,none
block,ወተፈ,(v) verb,verb,none
blond,ጨዓይ,(a) adjective,adjective,none
blood,ደም,(n) noun,noun,none
bloody,ደማዊ,(a) adjective,adjective,none
bloom,ዓምበበ,(v) verb,verb,none
blossom,ዕምባባ,(n) noun,noun,none
blot,ንጣብ ርስሓት,(n) noun,noun,none
blotting paper,ሰታይ ቀለም,(n) noun,noun,none
blouse,ካሚሻ,(n) noun,noun,none
blow,"ነፈሰ, ኡፍ በለ",(v) verb,verb,none
blow up,"ተባርዐ, ነፍሐ",(v) verb,verb,none
blue,ሰማያዊ,(a) adjective,adjective,none
board,ፈራዶ,(n) noun,noun,none
boast,ፈከረ,(v) verb,verb,none
boat,መርከብ,(n) noun,noun,none
boathouse,ገበላ,(n) noun,noun,none
bobbin,ቁኒን,(n) noun,noun,none
body,ነብሲ,(n) noun,noun,none
boggy,ጭቃዊ,(a) adjective,adjective,none
boiled beef,ብሱል ስጋ,(n) noun,noun,none
bomb,ቦምባ,(n) noun,noun,none
bombard,ደብደበ,(v) verb,verb,none
bombardment,ደብዳብ,(n) noun,noun,none
bone,ዓጽሚ,(n) noun,noun,none
bones,ዓጽሚ,(n) noun,noun,none
book,መጽሓፍ,(n) noun,noun,none
booklet,መጽሓፍ ጸብጻብ,(n) noun,noun,none
bookstore,ድኳን መጻሕፍቲ,(n) noun,noun,none
boot,ነዊሕ ሳእኒ,(n) noun,noun,none
border,ዶብ,(n) noun,noun,none
boring,መሰልከዊ,(a) adjective,adjective,none
"born, be",ተወለደ,(v) verb,verb,none
borrow,ተለቀሐ,(v) verb,verb,none
boss,ኣስራሒ,(nm) noun masculine,noun,masculine
bother,ኣጨነቐ,(v) verb,verb,none
bottle,ጥርሙዝ,(n) noun,noun,none
boulevard,ገፊሕ ጎደና,(n) noun,noun,none
boundary,ደረት,(n) noun,noun,none
bouquet,ጥማር,(an) adjective noun,adjective,noun-derived
boutique,ድኳን,(n) noun,noun,none
box,ሳንዱቕ,(n) noun,noun,none
boy,ወዲ,(n) noun,noun,none
boyhood,ንእስነት,(n) noun,noun,none
brace,ኣሰረ,(v) verb,verb,none
bracelet,በናጅር,(n) noun,noun,none
brain,ሓንጎል,(n) noun,noun,none
branch,ቃራና,(n) noun,noun,none
brass band,ጥሩምበኛታት,(n) noun,noun,none
brave,ተባዕ,(a) adjective,adjective,none
bravery,ትብዓት,(n) noun,noun,none
bread,ባኒ,(n) noun,noun,none
breadth,ስፍሓት,(n) noun,noun,none
break up,ሰበረ,(v) verb,verb,none
breakdown,ስባር,(n) noun,noun,none
breakfast,ቁርሲ,(n) noun,noun,none
breaking open,ስባር,(n) noun,noun,none
breast,"ኣፍልቢ, ጡብ",(n) noun,noun,none
breath,ትንፋስ,(n) noun,noun,none
breathe,ኣተንፈሰ,(v) verb,verb,none
breed,ኣዕበየ,(v) verb,verb,none
brick,ሑጡብ,(n) noun,noun,none
bridge,ድልድል,(n) noun,noun,none
brief,ብሓጺሩ,(a) adjective,adjective,none
briefcase,ቦርሳ,(n) noun,noun,none
bright,ብሩህ,(a) adjective,adjective,none
brightness,ብራሃን,(n) noun,noun,none
brilliant,ኣንጸባረቒ,(a) adjective,adjective,none
bring,ኣምጸአ,(v) verb,verb,none
bring close,ቀረበ,(v) verb,verb,none
bringing together,ኣኼባ,(n) noun,noun,none
broad,ገፊሕ,(a) adjective,adjective,none
brochure,መጽሓፍ ጸብጻብ,(n) noun,noun,none
broom,መኾስተር,(n) noun,noun,none
brother,ሓወ,(n) noun,noun,none
brotherly,ሕውነታዊ,(a) adjective,adjective,none
brown,ቡናዊ,(a) adjective,adjective,none
brush,ኣስባስላ,(n) noun,noun,none
brutal,ኣረመና,(a) adjective,adjective,none
bucket,ሳንኮሎ,(n) noun,noun,none
buddy,መሓዛ,(n) noun,noun,none
build,ሃነጸ,(v) verb,verb,none
building,ህንጻ,(n) noun,noun,none
bulb,ኣምፑል,(n) noun,noun,none
bulk,እኩብ,(n) noun,noun,none
bull,ኣርሓ,(n) noun,noun,none
bullet,ጥይት,(n) noun,noun,none
bunch,ጥማር,(an) adjective noun,adjective,noun-derived
bundle,ጥቕላል ባኮ,(n) noun,noun,none
burden,ጽዕነት,(n) noun,noun,none
burgle,ሰረቐ,(v) verb,verb,none
burial,ቀብሪ,(n) noun,noun,none
burn,ነደደ,(v) verb,verb,none
burning,ዘቃጽል,(a) adjective,adjective,none
burst,ነቶገ,(v) verb,verb,none
bush,ቆትቋጥ,(n) noun,noun,none
bushy,ጽዑቕ,(a) adjective,adjective,none
business,ጉዳይ,(n) noun,noun,none
but,"ግን, ግና, ጌና",(con) conjunction,conjunction,none
butcher's shop,እንዳ ስጋ,(n) noun,noun,none
butter,ጠስሚ,(n) noun,noun,none
butter milk,ማይ ጨባ,(n) noun,noun,none
butterfly,ጽምብላሊዕ,(n) noun,noun,none
button,መልጎም,(n) noun,noun,none
buy,ዓደገ,(v) verb,verb,none
buyer,ዓዳጊ,(n) noun,noun,none
buzz,ዚዝ በለ,(v) verb,verb,none
by all means,ብፍጹም,(adv) adverb,adverb,none
cabbage,ካውሎ,(n) noun,noun,none
cage,ጋብያ,(n) noun,noun,none
cake,ዶልሺ,(n) noun,noun,none
calculate,ጸብጸበ,(v) verb,verb,none
calculation,ገምጋም,(n) noun,noun,none
calculator,መተሓሳሰቢ,(n) noun,noun,none
calendar,ዓውደ ኣዋርሕ,(n) noun,noun,none
calf,"ምራኽ, ዳንጋ",(n) noun,noun,none
call,ጸውዐ,(v) verb,verb,none
calm,"(v) ሃድአ,  ህዱእ",(a) adjective,adjective,none
camel,ገመል,(n) noun,noun,none
camp,መዓስከር,(n) noun,noun,none
candle,ሽምዓ,(n) noun,noun,none
candy,ካራመለ,(n) noun,noun,none
cane,ምርኩስ,(n) noun,noun,none
cap,ቆቢዕ,(n) noun,noun,none
capable,ኪኢላ,(a) adjective,adjective,none
capital,ርእሲ ከተማ,(nf) noun feminine,noun,feminine
captain,ካፒታኖ,(n) noun,noun,none
car,መኪና,(n) noun,noun,none
card,ካርታ,(n) noun,noun,none
card game,ጣላዕ,(n) noun,noun,none
cardboard,ካርቶን,(n) noun,noun,none
care,ክንከን,(n) noun,noun,none
care for,ተኸናኸነ,(v) verb,verb,none
career,መስርሕ ሂወት,(n) noun,noun,none
carefully,ቀስ,(adv) adverb,adverb,none
carefulness,ጥንቃቐ,(n) noun,noun,none
careless,ዘይግደስ,(a) adjective,adjective,none
caretaker,ሓላው ርሻን,(n) noun,noun,none
carpenter,ናሕሲ ዝሰርሕ,(n) noun,noun,none
carpet,ምንጻፍ,(n) noun,noun,none
carriage,ባጎኒ,(n) noun,noun,none
carrot,ካሮት,(n) noun,noun,none
carry,ተሰከመ,(v) verb,verb,none
carry out,ኣብ ግብሪ ኣውዓለ,(v) verb,verb,none
cart,ካሮሳ,(n) noun,noun,none
carve,ቀረጸ,(v) verb,verb,none
case,ጉዳይ,(n) noun,noun,none
cashier,ተሓዝ ገንዘብ,(n) noun,noun,none
casing,ጋብያ,(n) noun,noun,none
castle,ኣዳራሽ,(n) noun,noun,none
cat,ድሙ,(n) noun,noun,none
catch,ቈለበ,(v) verb,verb,none
catch again,እንደገና ሓዘ,(v) verb,verb,none
caterpillar,ኣብ ጨጎራ,(n) noun,noun,none
cathedral,ቤተ ክርስቲያን,(n) noun,noun,none
Catholic,ኮተሊኽ,(a) adjective,adjective,none
Catholicism,ኩትልኽና,(n) noun,noun,none
cauliflower,"ካውሎ ፍዮሪ,",(n) noun,noun,none
cause,"ጠንቂ, ምኽንያት",(n) noun,noun,none
cave,በዓቲ,(n) noun,noun,none
ceiling,ትሕቲ ናሕሲ,(n) noun,noun,none
celebrate,ኣብዓለ,(v) verb,verb,none
celery,ሰዴኖ,(n) noun,noun,none
cement,ቸመንቶ,(n) noun,noun,none
cemetery,መቓብር,(n) noun,noun,none
cent,ሳንቲም,(n) noun,noun,none
center,ማእከል,(n) noun,noun,none
centimetre,ሰንቲ ሜተረ,(n) noun,noun,none
centre of the eye,መርዓት,(n) noun,noun,none
century,ክፍለ ዘመን,(n) noun,noun,none
ceremony,ጽምብል,(n) noun,noun,none
certain,ርግጸኛ,(a) adjective,adjective,none
certainly,ብርግጽ,(adv) adverb,adverb,none
certainty,ርግጽነት,(n) noun,noun,none
certificate,ባጀላ,(n) noun,noun,none
certify,መስከረ,(v) verb,verb,none
chain,ሰንሰለት,(n) noun,noun,none
chair,"ሴዳ, መንበር",(n) noun,noun,none
chalk,ኩርሽ,(n) noun,noun,none
chance,ኣጋጣሚ,(n) noun,noun,none
change,ቀየረ,(v) verb,verb,none
channel,መትረብ,(n) noun,noun,none
chapel,ቤተ ጸሎት,(n) noun,noun,none
chapter,ምዕራፍ,(n) noun,noun,none
character,ፍሉጥ ሰብ,(n) noun,noun,none
charge,ጸዓነ,(v) verb,verb,none
charity,ምጽዋት,(n) noun,noun,none
charm,ምጥውና,(n) noun,noun,none
charming,ምጥው,(a) adjective,adjective,none
chase,ሃደነ,(v) verb,verb,none
chasm,ጸድፊ,(n) noun,noun,none
chatter,ኣዕለለ,(v) verb,verb,none
chauffeur,ዘዋር መኪና,(n) noun,noun,none
cheat,ኣታለለ,(v) verb,verb,none
check,ኣጸረየ,(v) verb,verb,none
cheek,"ኑንጪ, ምዕጉርቲ,",(n) noun,noun,none
cheer,ኣጨብጨበ,(v) verb,verb,none
cheer up,ኣተባብዐ,(v) verb,verb,none
cheerfulness,ሓጎስ,(n) noun,noun,none
cheese,ፎርማጆ,(n) noun,noun,none
chemistry,ኬሚስትራ,(n) noun,noun,none
cheque,ቸክ,(n) noun,noun,none
cherish,ኣሐንቀቐ,(v) verb,verb,none
cherry tree,ቸሪ ገረብ,(n) noun,noun,none
chest,ኣፍ ልቢ,(n) noun,noun,none
chest of drawers,ኮሞ,(n) noun,noun,none
chestnut,ፍረ ቸስትናት,(n) noun,noun,none
chestnut tree,ገረብ ቸስትናት,(n) noun,noun,none
chick,ጫቚት,(n) noun,noun,none
chicken,"ደርሆ, ጫቚት ደርሆ",(n) noun,noun,none
chicken stew,"ኣልጫ, ዝግኒ",(n) noun,noun,none
chickpeas,ዓተር,(n) noun,noun,none
chief,ሓለቓ,(n) noun,noun,none
child,ቈልዓ,(n) noun,noun,none
childhood,ሕጻንነት,(v) verb,verb,none
chilly,ቆራሪ,(a) adjective,adjective,none
chimney,እቶን,(n) noun,noun,none
chimney sweep,ጠቐር ዘጽሪ,(n) noun,noun,none
chin,መንከስ,(n) noun,noun,none
chocolate,ቸኮላታ,(n) noun,noun,none
choice,ምርጫ,(n) noun,noun,none
choir,ጉጅለ ዘመርቲ,(n) noun,noun,none
choose,መረጸ,(v) verb,verb,none
chorus,ዜማ,(n) noun,noun,none
Christian,ክርስትያን,(a) adjective,adjective,none
Christianity,ክርስትና,(n) noun,noun,none
Christmas,ልደት,(a) adjective,adjective,none
church,ቤተ ክርስቲያን,(n) noun,noun,none
church tower,እንዳ ደወል,(n) noun,noun,none
cigarette,ሽጋራ,(n) noun,noun,none
cinema,ሲነማ,(n) noun,noun,none
circle,ክቢ,(n) noun,noun,none
circulate,ተንቀሳቐሰ,(v) verb,verb,none
circulation,ምዝዋር,(n) noun,noun,none
circumstance,ኩነት,(n) noun,noun,none
circus,ሰርከስ,(n) noun,noun,none
citizen,ዜጋ,(n) noun,noun,none
city dweller,ከተመኛ,(an) adjective noun,adjective,noun-derived
civil office,ኩነታት መነባብር,(n) noun,noun,none
civilization,ስልጣኔ,(n) noun,noun,none
claim,ተጣረዐ,(v) verb,verb,none
clang,ጫውጫውታ,(n) noun,noun,none
clap,ኣንጨብጨበ,(v) verb,verb,none
clapping,ገምታ,(n) noun,noun,none
clash,ተናጎጸ,(v) verb,verb,none
class,ክፍሊ,(n) noun,noun,none
classical,ክላሲካዊ,(a) adjective,adjective,none
classmate (female),ጓል,(n) noun,noun,none
classmate (male),ወዲ ክፍሊ,(n) noun,noun,none
classmate,መማህርተይ,(n) noun,noun,none
clatter,ጫውጫውታ,(n) noun,noun,none
clean,"ጽሩይ, ንጹር",(a) adjective,adjective,none
clean out,ገዓዘ,(v) verb,verb,none
cleanliness,ጽሬት,(n) noun,noun,none
clear,ብሩህ,(a) adjective,adjective,none
clear away,ኣጽረየ,(v) verb,verb,none
clearly,ጽሩይ ውጹእ,(a) adjective,adjective,none
clearness,ብራሃን,(n) noun,noun,none
clever,"ንፉዕ, ጎራሕ",(a) adjective,adjective,none
climate,"ክሊማ, ንፋስ",(n) noun,noun,none
climb,ደየበ,(v) verb,verb,none
climb again,እንደገና ደየበ,(v) verb,verb,none
cling to,ጠበቐ,(v) verb,verb,none
clinic,ክሊኒክ,(n) noun,noun,none
cloakroom,መቐመጥ ካባ,(n) noun,noun,none
clock,ሰዓት,(n) noun,noun,none
clockmaker,ሰራሕ ሰዓት,(n) noun,noun,none
close,ቀረበ,(a) adjective,adjective,none
close,ዓጸወ,(v) verb,verb,none
"close to, be",ምቅርራብ,(v) verb,verb,none
closed,ዕጽዉ,(a) adjective,adjective,none
"closer, get",ምቅርራብ,(v) verb,verb,none
clothes,ክዳን,(n) noun,noun,none
cloud,ደበና,(n) noun,noun,none
cloud,ጸልመተ,(v) verb,verb,none
cloudy,ደበናዊ,(a) adjective,adjective,none
clump,ድንኩል,(n) noun,noun,none
cluster,ጎጅለ,(v) verb,verb,none
clutter up,ኩምራ,(an) adjective noun,adjective,noun-derived
coal,ከሰል,(n) noun,noun,none
coast,ወሰን ባሕሪ,(n) noun,noun,none
coat,ካቦት,(n) noun,noun,none
cocoa,ካካው,(n) noun,noun,none
code,ኮድ,(n) noun,noun,none
coffee,ቡን,(n) noun,noun,none
coffin,ሳጹን ሬሳ,(n) noun,noun,none
cold,ቆራሪ,(a) adjective,adjective,none
"colder, get",ዘሓለ,(v) verb,verb,none
collapse,ዓነወ,(v) verb,verb,none
collar,ስልማት ክሳድ,(n) noun,noun,none
collect,ምእካብ,(v) verb,verb,none
collection,"እኩብ, እካበ",(n) noun,noun,none
college,ላዕላይ ደረጃ,(n) noun,noun,none
collide,ተናጎጸ,(v) verb,verb,none
colonel,ኮሮነል,(n) noun,noun,none
colonial,መግዛእታዊ,(a) adjective,adjective,none
colonize,ግዙእ,(a) adjective,adjective,none
colony,ግዝኣት,(n) noun,noun,none
colour,ሕብሪ,(n) noun,noun,none
colourful,ሕብራዊ,(a) adjective,adjective,none
colourless,ሕብሪ ዘይብሉ,(a) adjective,adjective,none
colt,ምሂር,(n) noun,noun,none
column,ዓንዲ,(n) noun,noun,none
comb,መመሸጥ,(n) noun,noun,none
combine,ኣከበ,(v) verb,verb,none
come,መጸ,(v) verb,verb,none
come after,ሰዓበ,(v) verb,verb,none
come alongside,ዓረፈ,(v) verb,verb,none
come back,እንደገና መጸ,(v) verb,verb,none
come down again,እንደገና,(v) verb,verb,none
come from,ተለዓለ,(v) verb,verb,none
come in,ኣተወ,(v) verb,verb,none
comedy,ኮመዲ,(n) noun,noun,none
comfort,ቅሳነተ,(n) noun,noun,none
comfort,ኣጸናንዐ,(v) verb,verb,none
comfortable,ምቹእ,(a) adjective,adjective,none
command,ትእዛዝ,(n) noun,noun,none
comment upon,ገለጸ,(v) verb,verb,none
commerce,ንግዲ,(n) noun,noun,none
commercial,ንግዳዊ,(a) adjective,adjective,none
commit,ቆጸረ,(v) verb,verb,none
committee,ኣማኸርቲ,(n) noun,noun,none
common,ልሙድ,(a) adjective,adjective,none
commune,ዞባ,(n) noun,noun,none
communication,ርክብ,(n) noun,noun,none
communion,ቁርባን,(n) noun,noun,none
companion,ካልኣይ,(an) adjective noun,adjective,noun-derived
company,ኣሰናይ,(n) noun,noun,none
compare,ኣመዛዘነ,(v) verb,verb,none
comparison,ምንጽጻር,(n) noun,noun,none
competition,ውድድር,(n) noun,noun,none
complaint,ጥርዓን,(n) noun,noun,none
complete,ምሉእ,(a) adjective,adjective,none
complicate,ኣሕለኽለኸ,(v) verb,verb,none
compliment,ሞጎስ,(n) noun,noun,none
composition,ድርሰት,(n) noun,noun,none
compost,ድኹዒ,(n) noun,noun,none
computer,ካምፑትር,(n) noun,noun,none
conceal,ሰተረ,(v) verb,verb,none
conceit,ትዕቢት,(n) noun,noun,none
concern,ኣገደሰ,(v) verb,verb,none
concert,ሙዚቃዊ ምርኢት,(n) noun,noun,none
conclude,ፈጸመ,(v) verb,verb,none
conclusion,መደምደምታ,(n) noun,noun,none
condemn,ኮነነ,(v) verb,verb,none
condemnation,ኩነና,(n) noun,noun,none
condition,ኩነታት,(n) noun,noun,none
condolence,ደበስ,(n) noun,noun,none
conduct,ኣንፈት ስራሕ,(n) noun,noun,none
confederation,ፈደረሽን,(n) noun,noun,none
conference,ኣኼባ,(n) noun,noun,none
confess,ተኣመነ,(v) verb,verb,none
confide,ሕድሪ ሃበ,(v) verb,verb,none
confidence,እምነት,(n) noun,noun,none
confirm,ኣረጋገጸ,(v) verb,verb,none
confirmation,ተሃድሶ,(n) noun,noun,none
conflict,ቃልሲ,(n) noun,noun,none
confuse,ኣደናገረ,(v) verb,verb,none
confused,ድንጉር,(a) adjective,adjective,none
confusion,ጽልግልግ,(n) noun,noun,none
congratulate,እንቋዕ ሓጎሰካ በለ,(v) verb,verb,none
congress,ጉባኤ,(n) noun,noun,none
connect,ኣላገበ,(v) verb,verb,none
connection,ፈለጥቲ,(n) noun,noun,none
conquer,ወረረ,(v) verb,verb,none
conquest,ማርኾት,(n) noun,noun,none
conscience,ሕልና,(n) noun,noun,none
consent,ውዕል,(n) noun,noun,none
consent to,ኣጽደቐ,(v) verb,verb,none
consequence,ሳዕቤን,(n) noun,noun,none
consider,ሓሰበ,(v) verb,verb,none
considerable,ኣገዳሲ,(a) adjective,adjective,none
consideration,ግምት,(n) noun,noun,none
consolation,ምጽንናዕ,(n) noun,noun,none
console,ደበሰ,(v) verb,verb,none
constable,ፖሊስ,(n) noun,noun,none
constant,ቀዋሚ,(a) adjective,adjective,none
constitute,ኣቖመ,(v) verb,verb,none
construct,ሃነጸ,(v) verb,verb,none
construction,ህንጻ,(n) noun,noun,none
consult,ኣማኸረ,(v) verb,verb,none
consultation,ምይይጥ,(n) noun,noun,none
contact,ተራኸበ,(v) verb,verb,none
contagion,ሕማም ምትሕልላፍ,(n) noun,noun,none
contain,ሓዘ,(v) verb,verb,none
contempt,ንዕቀት,(n) noun,noun,none
content,ድሱት,(a) adjective,adjective,none
contents,ትሕዝቶ,(n) noun,noun,none
continual,ቀጻሊ,(a) adjective,adjective,none
continuation,መቐጸልታ,(n) noun,noun,none
continue,ቀጸለ,(v) verb,verb,none
continuous,ቀጻሊ,(a) adjective,adjective,none
contractor,ሰራሕ ገዛ,(n) noun,noun,none
contradict,ተቓረነ,(v) verb,verb,none
contradiction,ግርጭት,(n) noun,noun,none
contrary,ኣንጻር,(n) noun,noun,none
contribute,"ኣብርከተ, ኣበርከተ",(v) verb,verb,none
control,ቍጽጽር,(v) verb,verb,none
convalescence,ጸማልያነት,(n) noun,noun,none
convalescent,ጸማልያ,(a) adjective,adjective,none
convene,ኣላገበ,(v) verb,verb,none
convenient,ግብራዊ,(a) adjective,adjective,none
convent,ገዳም,(n) noun,noun,none
convention,ዋዕላ,(n) noun,noun,none
conversation,ዝርርብ,(n) noun,noun,none
converse,ኣዕለለ,(v) verb,verb,none
convert,እምነት ኣለወጠ,(v) verb,verb,none
convert oneself,እምነት ለወጠ,(v) verb,verb,none
conviction,እምነት,(n) noun,noun,none
convince,ኣእመነ,(v) verb,verb,none
cook,ከሸነ,(v) verb,verb,none
cooker,ፎርነሎ,(n) noun,noun,none
cookie,ቢስኮቲ,(n) noun,noun,none
cooking,ክሽነ,(n) noun,noun,none
coolness,ዛሕሊ,(n) noun,noun,none
copper,ነሃሲ,(n) noun,noun,none
copse,ጣሻ,(n) noun,noun,none
copy,ቅዳሕ,(n) noun,noun,none
cordial,ልባዊ,(a) adjective,adjective,none
corn,"ዕፉን, ዑፉን",(n) noun,noun,none
corn bread,ሀንዛ,(n) noun,noun,none
cornea,መርዓት ዓይኒ,(n) noun,noun,none
corner,ኩርናዕ,(n) noun,noun,none
correct,ቅኑዕ,(a) adjective,adjective,none
correctly,ብትኽክል,(adv) adverb,adverb,none
correspond,ተራኸበ,(v) verb,verb,none
correspondence,ርኽክብ,(n) noun,noun,none
corridor,ኮረደዮ,(n) noun,noun,none
cost,ዋጋ,(n) noun,noun,none
costly,ክቡር,(a) adjective,adjective,none
cottage cheese,ኣጁቦ,(n) noun,noun,none
cotton,ጡጥ,(n) noun,noun,none
cough,ሰዓለ,(v) verb,verb,none
coughing,ሰዓል,(n) noun,noun,none
councillor,ኣማኻሪ,(nm) noun masculine,noun,masculine
counsel,ምኽሪ,(n) noun,noun,none
count,ቈጸረ,(v) verb,verb,none
country,ሃገር,(n) noun,noun,none
countrymen,ሃገራዊ,(a) adjective,adjective,none
countryside,ገጠር,(n) noun,noun,none
couple,ሰብ ሓዳር,(n) noun,noun,none
courage,ሓቦ,(n) noun,noun,none
courageous,ተባዕ,(a) adjective,adjective,none
courageously,ብትብዓት,(adv) adverb,adverb,none
course,ኮርስ,(n) noun,noun,none
courthouse,ቤተ ፍርዲ,(n) noun,noun,none
cousin,ወዲ ሓትኖ,(n) noun,noun,none
cousin,ወዲ ሓወቦ,(n) noun,noun,none
cousin,ወዲ ኣሞ,(n) noun,noun,none
cousin,ወዲ ኣኮ,(n) noun,noun,none
cover,ከደነ,(v) verb,verb,none
cover oneself up,ተጎልበበ,(v) verb,verb,none
cover up,ጎልበበ,(v) verb,verb,none
coverage,መኽደኒ,(n) noun,noun,none
cow,ላም,(n) noun,noun,none
cowshed,ደምበ,(n) noun,noun,none
cradle,ዓራት ሕጻን,(n) noun,noun,none
craft,ናይ ስራሕ ክእለት,(n) noun,noun,none
crane,ሰፍሳፊት,(n) noun,noun,none
crawl,ለመመ,(v) verb,verb,none
crazy,ጽልልቲ,(a) adjective,adjective,none
crazy person,ጽሉል,(an) adjective noun,adjective,noun-derived
cream,ቅብኣት,(n) noun,noun,none
create,መሃዘ,(v) verb,verb,none
creator,ፈጣሪ,(n) noun,noun,none
creditor,ኣዋዲ,(n) noun,noun,none
cricket,ዕንጭራር,(n) noun,noun,none
crime,ገበን,(n) noun,noun,none
criminal,ገበነኛ,(an) adjective noun,adjective,noun-derived
criticize,ነቐፈ,(v) verb,verb,none
cross,መስቀል,(n) noun,noun,none
cross,"ተሳገረ, ሰገረ",(v) verb,verb,none
crossroads,መስቀላዊ መንገዲ,(n) noun,noun,none
crowd,ጽቕጥቅጥ,(n) noun,noun,none
crown,ኣኽሊል,(n) noun,noun,none
crowning,ድፍኣተ ዘውዲ,(n) noun,noun,none
cruel,ሕሱም,(a) adjective,adjective,none
cruelty,ጭካነ,(n) noun,noun,none
crumb,ርፍራፍ,(n) noun,noun,none
crush,ጨፍለቐ,(v) verb,verb,none
cry,ብኽያት,(n) noun,noun,none
crystal,ሓቒቕ,(n) noun,noun,none
cult,እምነት,(n) noun,noun,none
cultivate,ኮስኮሰ,(v) verb,verb,none
cultivated,ኩስኩስ,(a) adjective,adjective,none
cultivation,ዘራእቲ,(n) noun,noun,none
cunning,"ሃሳይ, ጎራሕ",(a) adjective,adjective,none
cup,ኩባያ,(n) noun,noun,none
cupboard,ኣርማድዮ,(n) noun,noun,none
cure,ፈውሲ,(n) noun,noun,none
curiosity,ህንጥይና,(n) noun,noun,none
curious,ህንጡይ,(a) adjective,adjective,none
curly,ኮርዳድ ጸጉሪ,(a) adjective,adjective,none
current,ህሉው,(a) adjective,adjective,none
currently,ኣብዚ ግዜ ዚ,(adv) adverb,adverb,none
curse,ረገመ,(v) verb,verb,none
curtain,መጋረጀ,(n) noun,noun,none
curved,ጥዉይ,(a) adjective,adjective,none
cushion,መተርኣስ,(n) noun,noun,none
custom,ልምዲ,(n) noun,noun,none
customer,ዓሚል,(n) noun,noun,none
cut,ቈረጸ,(v) verb,verb,none
cut out,ከምከመ,(v) verb,verb,none
cut short,ኣሕጸረ,(v) verb,verb,none
cyclist,ዘዋር ብሽክለታ,(n) noun,noun,none
daily,መዓልታዊ,(a) adjective,adjective,none
dairy,እንዳ ጸባ,(n) noun,noun,none
dam,ግድብ,(n) noun,noun,none
damage,ጉድኣት,(n) noun,noun,none
dance,ሳዕስዒት,(n) noun,noun,none
dancing,ሳዕስዒት,(n) noun,noun,none
danger,ሓደጋ,(n) noun,noun,none
dangerous,ሓደገኛ,(a) adjective,adjective,none
dare to do,ደፈረ,(v) verb,verb,none
dark,ጸልማት,(an) adjective noun,adjective,noun-derived
darken,ጸልመተ,(v) verb,verb,none
darn,ኣዐረየ,(v) verb,verb,none
date,"ቆጸራ, ተምሪ",(n) noun,noun,none
dates,ተምሪ,(n) noun,noun,none
daughter,ጓል,(n) noun,noun,none
dawn,ወጋሕታ,(n) noun,noun,none
day,መዓልቲ,(n) noun,noun,none
daytime,መዓልቲ,(n) noun,noun,none
dead,ምዉት,(a) adjective,adjective,none
dead body,ሬሳ,(n) noun,noun,none
deadline,ድንጓየ,(n) noun,noun,none
deafness,ጸማምነት,(n) noun,noun,none
dear,ክቡር,(a) adjective,adjective,none
death,ሞት,(n) noun,noun,none
debate,ተኻተዐ,(v) verb,verb,none
debris,ርፍራፍ,(n) noun,noun,none
debt,ዕዳ,(n) noun,noun,none
debtor,ተኣዋዲ,(n) noun,noun,none
decease,ሞተ,(v) verb,verb,none
deceased,ምዉት,(a) adjective,adjective,none
deceive,ከድዐ,(v) verb,verb,none
December,ታሕሳስ,(n) noun,noun,none
decent,ሓቀኛ,(a) adjective,adjective,none
decide,ወሰነ,(v) verb,verb,none
decision,ውሳኔ,(n) noun,noun,none
deck,መዓሸግ ባብር,(n) noun,noun,none
declaration,ኣዋጅ,(n) noun,noun,none
declare,ኣወጀ,(v) verb,verb,none
decline,ነጸገ,(v) verb,verb,none
decorate,ሰለመ,(v) verb,verb,none
decoration,ስልማት,(n) noun,noun,none
decorative,ስልማታዊ,(a) adjective,adjective,none
decrease,ኣንኣሰ,(v) verb,verb,none
dedicate,ወፈየ,(v) verb,verb,none
deed,ተግባር,(n) noun,noun,none
deep,ዓሚቝ,(a) adjective,adjective,none
deer,ዓጋዜን,(n) noun,noun,none
defeat,ስዕረት,(n) noun,noun,none
defeated person,ስዑር,(a) adjective,adjective,none
defect,ጉድለት,(n) noun,noun,none
defence,ምክልኻል,(n) noun,noun,none
defend,ተኸላኸለ,(v) verb,verb,none
defender,ተኸላኻሊ,(n) noun,noun,none
deforest,ኣበደመ,(v) verb,verb,none
degree,ደረጃ,(n) noun,noun,none
delay,ደንጎየ,(v) verb,verb,none
delicate,ተነቃፊ,(a) adjective,adjective,none
delicious,ምቁር,(a) adjective,adjective,none
delight,ፍስሃ,(n) noun,noun,none
delighted (be),ተሓጎሰ,(v) verb,verb,none
deliver,ኣብጽሐ,(v) verb,verb,none
delivery,ዕደላ,(n) noun,noun,none
delivery man,ኣባጻጽሒ,(n) noun,noun,none
delusion,ጽላለ,(n) noun,noun,none
demand,ሓተተ,(v) verb,verb,none
demolish,ኣፍራሰ,(v) verb,verb,none
den,በዓቲ,(n) noun,noun,none
deny,ኣሉ በለ,(v) verb,verb,none
departing ticket,ቲከት መኸዲ,(n) noun,noun,none
departure,"ብገሳ, ተበገሶ",(n) noun,noun,none
depend on,ተመርኮሰ,(v) verb,verb,none
deprivation,እገዳ,(n) noun,noun,none
deprive,ኣገደ,(v) verb,verb,none
deputy,ወኪል ህዝቢ,(n) noun,noun,none
describe,ገለጸ,(v) verb,verb,none
description,መግለጺ,(n) noun,noun,none
desert,ምድረ በዳ,(an) adjective noun,adjective,noun-derived
deserve,ተገበአ,(v) verb,verb,none
deserving,ብቑዕ,(a) adjective,adjective,none
design,ሰኣለ,(v) verb,verb,none
designer,ሰኣሊ,(n) noun,noun,none
desire,ድሌት,(n) noun,noun,none
desire,ደለየ,(v) verb,verb,none
desk,ጠረጰዛ,(n) noun,noun,none
desperate,ተስፋ ዝቖረጸ,(a) adjective,adjective,none
desperation,ቅብጸተ ተስፋ,(n) noun,noun,none
despise,ነዓቐ,(v) verb,verb,none
destiny,ጽሕፍቶ,(n) noun,noun,none
destroy,ኣዕነወ,(v) verb,verb,none
detach,ፈተሐ,(v) verb,verb,none
determination,ውሳኔ,(n) noun,noun,none
determined,ነቓጽ,(a) adjective,adjective,none
detest,ጸልአ,(v) verb,verb,none
devastate,ዕንወት,(n) noun,noun,none
develop,ማዕበለ,(v) verb,verb,none
development,ምዕባለ,(n) noun,noun,none
devil,ሰይጣን,(n) noun,noun,none
devotion,ውፉይነት,(n) noun,noun,none
dew,ዛዕዛዕታ,(n) noun,noun,none
diamond,ኣልማዝ,(n) noun,noun,none
dictionary,መዝገበ ቃላት,(n) noun,noun,none
die,ሞተ,(v) verb,verb,none
difference,ፍልልይ,(n) noun,noun,none
different,ዝተፈልየ,(a) adjective,adjective,none
difficult,ብርቱዕ,(a) adjective,adjective,none
difficulty,ሽግር,(n) noun,noun,none
dig,ፈሓረ,(v) verb,verb,none
digestive system,ከብዲ,(n) noun,noun,none
dim,ሃሳስ,(a) adjective,adjective,none
diminish,ኣንኣሰ,(v) verb,verb,none
dining room,መመገቢ ክፍሊ,(n) noun,noun,none
dinner,ድራር,(n) noun,noun,none
diplomatic,ፖለቲካዊ,(a) adjective,adjective,none
direct,ቀጥታ,(a) adjective,adjective,none
director,ሓላፊ,(n) noun,noun,none
dirt,ጭቃ,(n) noun,noun,none
dirty,"ጭቃዊ, ረሳሕ",(a) adjective,adjective,none
disadvantage,ጉድኣት,(n) noun,noun,none
disappear,"ጠፍአ, ሃለዋት",(v) verb,verb,none
disappearance,ጥፍኣት,(n) noun,noun,none
disappointment,ጓሂ,(n) noun,noun,none
disastrous,ሓደገኛ,(a) adjective,adjective,none
discharge,ኣሰናበተ,(v) verb,verb,none
disciple,ሰዓቢ,(n) noun,noun,none
discipline,ስነ ስርዓት,(n) noun,noun,none
disclose,ቀልዐ,(v) verb,verb,none
discomfort,ዘይጥጣሐ,(n) noun,noun,none
discord,ጽልግልግ,(n) noun,noun,none
discourage,ተስፋ ዝቖረጸ,(a) adjective,adjective,none
discover,ረኸበ,(v) verb,verb,none
discrimination,ፍሉይነት,(n) noun,noun,none
discuss,ተዛተየ,(v) verb,verb,none
discussion,ክትዐ,(n) noun,noun,none
disease,ሕማም,(n) noun,noun,none
disgrace,ሕፍረት,(v) verb,verb,none
dishes,ኣቑሑ መግቢ,(n) noun,noun,none
dismiss,ኣሰነበተ,(v) verb,verb,none
disobedience,(vn) ዘይምእዛዝ,(uncategorized) Uncategorized,uncategorized,none
disobedient,ዘይምቕሉል,(a) adjective,adjective,none
disobey,(vn) ዘይምእዛዝ,(uncategorized) Uncategorized,uncategorized,none
disorder,ፋሕ ዝበለ,(n) noun,noun,none
dispatch,ሰደደ,(v) verb,verb,none
displace,ቦታ ቀየረ,(v) verb,verb,none
display,ምርኢት,(n) noun,noun,none
display,ኣቕረበ,(v) verb,verb,none
displeased,ዘይሕጉስ,(a) adjective,adjective,none
dissolve,ሓቐቐ,(v) verb,verb,none
distance,ርሕቀት,(n) noun,noun,none
distant,ርሑቕ,(a) adjective,adjective,none
distinction,ፍሉይነት,(n) noun,noun,none
distract,ኣዘናገዐ,(v) verb,verb,none
distribute,ዓደለ,(v) verb,verb,none
distribution,ዕደላ,(n) noun,noun,none
district,ኣከባቢ,(n) noun,noun,none
distrust,ጥርጣረ,(n) noun,noun,none
disturb,ሃወኸ,(v) verb,verb,none
ditch,ጉድጓድ,(n) noun,noun,none
dive,ተደርገመ,(v) verb,verb,none
divert,ጠወየ,(v) verb,verb,none
divide up,መቐለ,(v) verb,verb,none
division,ምምቃል,(n) noun,noun,none
divorce,ተፋትሐ ሓዳር,(v) verb,verb,none
divorced,ዝተፋትሐ,(a) adjective,adjective,none
do,ገበረ,(v) verb,verb,none
do away with,ኣጥፈአ,(v) verb,verb,none
do one's best,ጸዓረ,(v) verb,verb,none
do someone’s hair,ዘርገፈ,(v) verb,verb,none
docile,ምእዙዝ,(a) adjective,adjective,none
doctor,ሓኪም,(n) noun,noun,none
dog,ከልቢ,(n) noun,noun,none
dog house,ገዛ ኸልቢ,(n) noun,noun,none
doll,ባምቡላ,(n) noun,noun,none
dominate,ተቖጻጸረ,(v) verb,verb,none
donkey,ኣድጊ,(n) noun,noun,none
door,ማዕጾ,(n) noun,noun,none
doorstep,ደርኩኺት,(n) noun,noun,none
double,ዕጽፊ,(a) adjective,adjective,none
double,ደረበ,(v) verb,verb,none
doubt,ጥርጥር,(n) noun,noun,none
doubt,ተጠራጠረ,(v) verb,verb,none
dough,ቢሑቕ,(n) noun,noun,none
"down, take",ደምሰሰ,(v) verb,verb,none
dozen,ደርዘን,(n) noun,noun,none
dragon fly,ፈረሰኛ,(n) noun,noun,none
drain,ጸንቀቐ,(v) verb,verb,none
drama,ድራማ,(n) noun,noun,none
dramatic,ድራማዊ,(a) adjective,adjective,none
draw,"ኣንሰሓበ, ሰኣለ",(v) verb,verb,none
draw oneself up,ቀንዐ,(v) verb,verb,none
draw up,ነደፈ,(v) verb,verb,none
draw water,ገለለ,(v) verb,verb,none
drawer,ተመዛዚ,(n) noun,noun,none
drawing,ስእሊ,(n) noun,noun,none
dream,ሕልሚ,(n) noun,noun,none
dream,ሓለመ,(v) verb,verb,none
dress,ጀለብያ,(n) noun,noun,none
dress,ለበሰ,(v) verb,verb,none
dressing,ኣተሓኻኸማ,(n) noun,noun,none
dressmaker,ሰፋይ ክዳን,(n) noun,noun,none
dried,ንቑጽ,(a) adjective,adjective,none
drink,መሰተ,(v) verb,verb,none
drive,ዘወረ,(v) verb,verb,none
driver,መራሕ መኪና,(n) noun,noun,none
drop,ንጣብ,(n) noun,noun,none
drop,ወደቐ,(v) verb,verb,none
drought,ድርቂ,(n) noun,noun,none
drown,ጠሓለ,(v) verb,verb,none
"drowned, be",ጠሓለ,(v) verb,verb,none
drum,ኮቦሮ,(n) noun,noun,none
drunk,ሰኽራም,(a) adjective,adjective,none
dry,ንቑጽ,(a) adjective,adjective,none
dry,ኣንቀጸ,(v) verb,verb,none
dryness,ድርቂ,(n) noun,noun,none
duck,ደርሆ ማይ,(n) noun,noun,none
dull,ጎዲም,(a) adjective,adjective,none
dust,ዶሮና,(n) noun,noun,none
duty,ጉቡእ,(n) noun,noun,none
dwarf,ድንኪ,(an) adjective noun,adjective,noun-derived
dying,መዋቲ,(a) adjective,adjective,none
ear,እዝኒ,(n) noun,noun,none
early,ናይ ንጉሆ,(a) adjective,adjective,none
early,ብቑልጡፍ,(adv) adverb,adverb,none
ease,ቅሳነተ,(n) noun,noun,none
easily,ብቐሊል,(adv) adverb,adverb,none
easiness,ቅሊ,(n) noun,noun,none
east,ምብራቅ,(an) adjective noun,adjective,noun-derived
Easter,ፋሲካ,(n) noun,noun,none
easterly,ምብራቅ,(an) adjective noun,adjective,noun-derived
eat,በልዐ,(v) verb,verb,none
echo,መቓልሕ,(n) noun,noun,none
echo,መቓልሕ ሃበ,(v) verb,verb,none
economics,ዕቃበ,(n) noun,noun,none
economize,ቆጠበ,(v) verb,verb,none
economy,ዕቃበ,(n) noun,noun,none
edge,ወሰን ወሰን,(n) noun,noun,none
editor,ደራሲ,(n) noun,noun,none
educate,መሃረ,(v) verb,verb,none
education,ትምህርቲ,(n) noun,noun,none
effect,"ሳዕቤን, ውጽኢት",(n) noun,noun,none
effect,ሳዕቤን,(v) verb,verb,none
effort,ጻዕሪ,(n) noun,noun,none
egg,እንቋቑሖ,(n) noun,noun,none
egoism,ስስዐ,(n) noun,noun,none
eight,ሸሞንተ,(an) adjective noun,adjective,noun-derived
eighteen,ዓሰርተ ሸሞንተ,(an) adjective noun,adjective,noun-derived
eighth grade,ሻሙናይ ክፍሊ,(n) noun,noun,none
eighty,ሰማንያ,(an) adjective noun,adjective,noun-derived
elbow,ኩርናዕ ኢድ,(n) noun,noun,none
eldest,ቦኹሪ,(a) adjective,adjective,none
elect,መረጸ,(v) verb,verb,none
electrical,ኤለትሪካዊ,(a) adjective,adjective,none
electricity,ኤለትሪክ,(n) noun,noun,none
elegant,ምልኩዕ,(a) adjective,adjective,none
elementary school,መባእታ,(n) noun,noun,none
elephant,ሓርማዝ,(n) noun,noun,none
eleven,ዓሰርተ ሓደ,(an) adjective noun,adjective,noun-derived
eleventh grade,ዓሰርተ ሓደ,(n) noun,noun,none
elsewhere,ኣብ ካልእ ቦታ,(adv) adverb,adverb,none
empire,ንግስነት,(n) noun,noun,none
employ,ኣስረሐ,(v) verb,verb,none
employer,ዋሃብ ስራሕ,(n) noun,noun,none
employment,ስራሕ,(n) noun,noun,none
empty,ጥርሑ,(a) adjective,adjective,none
encircle,ኣኽበበ,(v) verb,verb,none
encourage,ኣተባብዐ,(v) verb,verb,none
end,መወዳእታ,(n) noun,noun,none
end,ኣቋረጸ,(v) verb,verb,none
enemy,ጸላኢ,(n) noun,noun,none
energetic,ጻዕረኛ,(a) adjective,adjective,none
energy,ሓይሊ,(n) noun,noun,none
engaged to (get),ተሓጸየ,(v) verb,verb,none
engagement,ሕጸ,(v) verb,verb,none
engine,ሞተር,(n) noun,noun,none
engineer,መሃንድስ,(n) noun,noun,none
English,እንግሊዛዊ,(a) adjective,adjective,none
English,እንግሊዘኛ,(n) noun,noun,none
engrave,ቀረጸ,(v) verb,verb,none
engraving,ቅርጺ,(n) noun,noun,none
enjoy,ደስ በሎ,(v) verb,verb,none
enlarge,ኣዕበየ,(v) verb,verb,none
enormous,ግዙፍ,(a) adjective,adjective,none
enough,(a adv) እኹል,(uncategorized) Uncategorized,uncategorized,none
"enough, be",ኣኸለ,(v) verb,verb,none
ensure,ኣረጋገጸ,(v) verb,verb,none
enter,ኣተወ,(v) verb,verb,none
enterprise,ወኒነ ትካል,(n) noun,noun,none
entertain,ኣዘናገዐ,(v) verb,verb,none
entirely,ብምሉኡ,(adv) adverb,adverb,none
entrance,መእተዊ ክፍሊ,(n) noun,noun,none
envelope,ሰታሪት,(n) noun,noun,none
equal,ማዕረ,(a) adjective,adjective,none
equally,ከምኡውን,(adv) adverb,adverb,none
equip,ኣዕጠቐ,(v) verb,verb,none
equipment,መሳርሒ,(n) noun,noun,none
eraser,መደምሰስ,(n) noun,noun,none
erect,ኣቕነዐ,(v) verb,verb,none
error,(na) ጌጋ,(uncategorized) Uncategorized,uncategorized,none
escape,መለቐ,(v) verb,verb,none
especially,ብፍላይ,(adv) adverb,adverb,none
essay,(nv) ፈተነ,(uncategorized) Uncategorized,uncategorized,none
essential,ግድነታዊ,(a) adjective,adjective,none
establish,መሰረተ,(v) verb,verb,none
estimate,ግምት,(n) noun,noun,none
estimate,ግምት,(v) verb,verb,none
eternal,ዘላኣለማዊ,(a) adjective,adjective,none
eternity,ዘላኣለም,(n) noun,noun,none
evacuate,ኣግዓዘ,(v) verb,verb,none
even,ጽምዲ ቁጽሪ,(a) adjective,adjective,none
evening,ምሸት,(n) noun,noun,none
event,ፍጻሜ,(n) noun,noun,none
ever,ብፍጹም,(adv) adverb,adverb,none
everyday,መዓልታዊ,(a) adjective,adjective,none
everywhere,ኣብ ኩኡ ቦታ,(adv) adverb,adverb,none
evidence,መረጋገጺ,(n) noun,noun,none
"evidence, give",መስከረ,(v) verb,verb,none
exact,ልክዕ,(a) adjective,adjective,none
exaggerate,ኣጋነነ,(v) verb,verb,none
exam,ምርመራ,(n) noun,noun,none
examine,መርመረ,(v) verb,verb,none
example,ኣብነት,(n) noun,noun,none
exception,ፍሉይነት,(n) noun,noun,none
exceptional,ፍሉይ,(a) adjective,adjective,none
exchange,ልውውጥ,(n) noun,noun,none
exchange,ተለዋወጠ,(v) verb,verb,none
excitement,ምቕስቃስ,(n) noun,noun,none
exclamation,ቃል ኣጋንኖ,(n) noun,noun,none
excuse,ምኽኒት,(n) noun,noun,none
excuse,ይቕረ በለ,(v) verb,verb,none
exercise,ልምምድ,(n) noun,noun,none
exhaust,ኣድከመ,(v) verb,verb,none
exhibit,ዘርገሐ,(v) verb,verb,none
exhibition,ምርኢት,(n) noun,noun,none
exist,ሃለወ,(v) verb,verb,none
existence,ህላዌ,(n) noun,noun,none
exit,መውጽኢ,(n) noun,noun,none
expand,ኣሰፍሐ,(v) verb,verb,none
expect,ተጸበየ,(v) verb,verb,none
expense,(adv n) ወጻኢ,(uncategorized) Uncategorized,uncategorized,none
expensive,ክቡር,(a) adjective,adjective,none
experience,ፈለጠ,(v) verb,verb,none
experienced,ፍሉጥ,(a) adjective,adjective,none
expire,ወደቐ,(v) verb,verb,none
explain,ኣረድአ,(v) verb,verb,none
explanation,መግለጺ,(n) noun,noun,none
explode,ነቶገ,(v) verb,verb,none
express,ገለጸ,(v) verb,verb,none
express train,ቅልጡፍ ባቡር,(n) noun,noun,none
extend,ኣናውሐ,(v) verb,verb,none
extraordinary,ፍሉይ,(a) adjective,adjective,none
eye,ዓይኒ,(n) noun,noun,none
eyebrow,"ሸፋሽፍቲ ዓይኒ,",(n) noun,noun,none
eyelash,ቅርኒብ ዓይኒ,(n) noun,noun,none
eyelid,ኮቦሮ ዓይኒ,(n) noun,noun,none
fabric,ዓለባ,(n) noun,noun,none
face,ገጽ,(n) noun,noun,none
face to face,ገጽ ንገጽ,(adv) adverb,adverb,none
facilitate,ኣቕለለ,(v) verb,verb,none
factory,ቤተ ዕዮ,(n) noun,noun,none
faded,ሃሳስ,(a) adjective,adjective,none
fail,"ፈሸለ, ምውዳቕ, ምትራፍ",(v) verb,verb,none
failed,"ወዲቐ, ተሪፈ",(a) adjective,adjective,none
failure,ፍሽለት,(n) noun,noun,none
faith,እምነት,(n) noun,noun,none
faithful,እሙን,(a) adjective,adjective,none
fall,ውድቀት,(n) noun,noun,none
fall,ወደቐ,(v) verb,verb,none
fall again,እንደገና ወደቐ,(v) verb,verb,none
fall asleep,ደቀሰ,(v) verb,verb,none
fall back,ደሓረ,(v) verb,verb,none
family,ቤተ ሰባዊ,(a) adjective,adjective,none
family,ስድራ ቤት,(n) noun,noun,none
famous,ውሩይ,(a) adjective,adjective,none
fantasy,ባህጊ,(n) noun,noun,none
far,ርሑቕ,(adv) adverb,adverb,none
farewell,ደሓን ኩን,(interj) interjection,interjection,none
farm,ናይ ሕርሻ ገዛ,(n) noun,noun,none
farmer,ሓረስታይ,(n) noun,noun,none
fashion,ቅዲ ሞዳ,(n) noun,noun,none
fast,ቅልጡፍ,(a) adjective,adjective,none
fasten,ኣሰረ,(v) verb,verb,none
fat,ስቡሕ,(a) adjective,adjective,none
father,ኣቦ,(n) noun,noun,none
fatigue,ድኹም,(a) adjective,adjective,none
fault,(na) ጌጋ,(uncategorized) Uncategorized,uncategorized,none
favourite,ፍትው,(an) adjective noun,adjective,noun-derived
fear,ፍርሒ,(n) noun,noun,none
fear,ፈርሐ,(v) verb,verb,none
feast,(na) በዓል,(uncategorized) Uncategorized,uncategorized,none
feather,ክንቲት,(n) noun,noun,none
February,ለካቲት,(n) noun,noun,none
feed,ኣብልዐ,(v) verb,verb,none
feel sorry,ደንገጸ,(v) verb,verb,none
female,ኣንስተይቲ,(n) noun,noun,none
female director,ሓላፊት,(n) noun,noun,none
female guard,ሓላዊት,(n) noun,noun,none
feminine,ኣንስታይ,(a) adjective,adjective,none
fence,ተኽሊ ሓጹር,(n) noun,noun,none
fertile,ፈራይ,(a) adjective,adjective,none
fertilizer,ድኹዒ,(n) noun,noun,none
festival,(na) በዓል,(uncategorized) Uncategorized,uncategorized,none
fever,ረስኒ,(n) noun,noun,none
feverish,ርሱን,(a) adjective,adjective,none
fiancé,ሕጹይ,(v) verb,verb,none
fiancée,ሕጺቲ,(v) verb,verb,none
field,ጎልጉል,(n) noun,noun,none
fifteen,ዓሰርተ ሓሙሽተ,(an) adjective noun,adjective,noun-derived
fifth grade,ሓሙሻይ ክፍሊ,(n) noun,noun,none
fifty,ሓምሳ,(a) adjective,adjective,none
fight,ቃልሲ,(n) noun,noun,none
fighter,ተጋዳላይ,(n) noun,noun,none
figure,ቅርጺ,(n) noun,noun,none
fill up,መለአ,(v) verb,verb,none
film,ፊልም,(n) noun,noun,none
finally,"መወዳእትኢ, ኣብ",(adv) adverb,adverb,none
finance,ፊናንስ,(n) noun,noun,none
find,ረከበ,(v) verb,verb,none
fine,መቕጻዕቲ,(n) noun,noun,none
finger,ኣጻብዕ,(n) noun,noun,none
finger nail,ጽፍሪ,(n) noun,noun,none
finger nails,ጽፍሪ ኢድ,(n) noun,noun,none
fingers,አጻብዕቲ ኢድ,(n) noun,noun,none
finish,ወደአ,(v) verb,verb,none
fire,ሓዊ,(n) noun,noun,none
fireman,መጠፈኢ ሓዊ,(n) noun,noun,none
firmly,ጽኑዕ,(a) adjective,adjective,none
first,ቀዳማይ,(a) adjective,adjective,none
first grade,ቀዳማይ ክፍሊ,(n) noun,noun,none
first name,ስም,(n) noun,noun,none
fish,ዓሳ,(n) noun,noun,none
fish for,ገፈፈ,(v) verb,verb,none
fisher,ገፋፍ ዓሳ,(n) noun,noun,none
fishhook,መቑለብ ዓሳ,(n) noun,noun,none
fist,ዕምኮ,(n) noun,noun,none
fit,ተጋጠመ,(v) verb,verb,none
five,ሓሙሽተ,(a) adjective,adjective,none
fix,ኣዐረየ,(v) verb,verb,none
flag,ባንደራ,(n) noun,noun,none
flake,ቅርፍቲ,(n) noun,noun,none
flame,ሃልሃልታ,(n) noun,noun,none
flat,ጸፊሕ,(a) adjective,adjective,none
flatten,ኣጽፈሐ,(v) verb,verb,none
flesh,ስጋ,(n) noun,noun,none
flexibility,ተዓጻጻፍነት,(n) noun,noun,none
flexible,ተዓጻጻፊ,(a) adjective,adjective,none
flight,ንፍረት,(n) noun,noun,none
float,ተንስፈፈ,(v) verb,verb,none
flood,ኣጥለቕለቐ,(v) verb,verb,none
flour,ሓሪጭ,(n) noun,noun,none
flow,ፈሰሰ,(v) verb,verb,none
flower,ዕምባባ,(n) noun,noun,none
flower,ዓምበበ,(v) verb,verb,none
flu,ኡንፍልወንዛ,(n) noun,noun,none
flute,ሻምብቆ,(n) noun,noun,none
fly,ሃመማ,(n) noun,noun,none
fly away,ነፈረ,(v) verb,verb,none
flying,ንፍረት,(n) noun,noun,none
fog,ግመ,(n) noun,noun,none
foggy,ግማዊ,(a) adjective,adjective,none
fold,ዕጻፍ,(n) noun,noun,none
fold,ዓጸፈ,(v) verb,verb,none
folk,ሰባት,(n) noun,noun,none
follow,ሰዓበ,(v) verb,verb,none
following,ዝስዕብ,(a) adjective,adjective,none
food,መግቢ,(n) noun,noun,none
foolish,ዓሻ,(a) adjective,adjective,none
foot,እግሪ,(n) noun,noun,none
football,ኩእሶ እግሪ,(n) noun,noun,none
footstep,ስጉምቲ,(n) noun,noun,none
forbid,ወገደ,(v) verb,verb,none
force,ሓይሊ,(n) noun,noun,none
forehead,ግንባር,(n) noun,noun,none
foreign,ባእዳዊ,(a) adjective,adjective,none
foreigner,ወጻእተኛ,(an) adjective noun,adjective,noun-derived
forest,ጫካ,(n) noun,noun,none
foretell,ኣፍለጠ,(v) verb,verb,none
forget,ረሰዐ,(v) verb,verb,none
forgetfulness,ርሳዐ,(n) noun,noun,none
forgive,ይቕረ በለ,(v) verb,verb,none
fork,ፋርከታ,(n) noun,noun,none
form,ቅርጺ,(n) noun,noun,none
formality,ጽምብል,(n) noun,noun,none
formation,ኣቀራርጻ,(n) noun,noun,none
formerly,ኣብ ሕሉፍ እዋናት,(adv) adverb,adverb,none
fortune,ዕድል,(n) noun,noun,none
forty,ኣርባዓ,(an) adjective noun,adjective,noun-derived
forward,ሰደደ,(v) verb,verb,none
found,ሰረተ,(v) verb,verb,none
fountain,ፈልፋሊ,(n) noun,noun,none
four,ኣርባዕተ,(an) adjective noun,adjective,noun-derived
fourteen,ዓሰርተ ኣርባዕተ,(an) adjective noun,adjective,noun-derived
fourth grade,ራብዓይ ክፍሊ,(n) noun,noun,none
fox,ወኻርያ,(n) noun,noun,none
fragile,ተሰባሪ,(a) adjective,adjective,none
fragrance,ሽታ ፈረንጂ,(n) noun,noun,none
frankly,ብቕንዕና,(adv) adverb,adverb,none
frankness,ቅንዕና,(n) noun,noun,none
free,ነጻ,(a) adjective,adjective,none
freedom,ሓርነት,(n) noun,noun,none
French,ፈረንሳዊ,(a) adjective,adjective,none
frequent,ተደጋጋሚ,(a) adjective,adjective,none
frequent,ኣዘውተረ,(v) verb,verb,none
frequently,ብዝተደጋገመ,(adv) adverb,adverb,none
fresh,ሓዲሽ,(a) adjective,adjective,none
Friday,ዓርቢ,(n) noun,noun,none
friend,ዓርኪ,(n) noun,noun,none
friendly,ዕርክነታዊ,(a) adjective,adjective,none
friendship,ዕርክነት,(n) noun,noun,none
frightening,ኣፍራሒ,(a) adjective,adjective,none
frog,እንቁሮያብ,(n) noun,noun,none
front,ቅድሚት,(n) noun,noun,none
"front of, in",ቅድም,(prep) preposition,preposition,none
"front, in",ብቕድሚ,(adv) adverb,adverb,none
frost,ኣስሓይታ,(n) noun,noun,none
fruit,ፍረ,(n) noun,noun,none
fruit tree,ተኽሊ ፍረ,(n) noun,noun,none
frying,ቅልዋ,(n) noun,noun,none
fuel,ነዳዲ,(n) noun,noun,none
fulfill,ሰመረ,(v) verb,verb,none
full,ምሉእ,(a) adjective,adjective,none
fun (have),ተዘናገዐ,(v) verb,verb,none
function,ኣገልገለ,(v) verb,verb,none
fund,እኩብ ገንዘብ,(n) noun,noun,none
fund,ሰረተ,(v) verb,verb,none
funeral,ቀብራዊ,(a) adjective,adjective,none
funny,መስሓቕ,(a) adjective,adjective,none
furious,ሓራቖ,(a) adjective,adjective,none
furnace,ፎርነሎ,(n) noun,noun,none
furniture,ኣቕሓ ገዛ,(n) noun,noun,none
future,መጻኢ,(n) noun,noun,none
gain,ረብሓ,(n) noun,noun,none
gallery,ኣዳራሽ,(n) noun,noun,none
game,ጸወታ,(n) noun,noun,none
game of chance,ምጥላዕ,(n) noun,noun,none
gangster,ሽፍታ,(n) noun,noun,none
garden,ጀርዲን,(n) noun,noun,none
garlic,ሽጉርቲ ጻዕዳ,(n) noun,noun,none
gas,ጋዝ,(n) noun,noun,none
gasoline,በንዚን,(n) noun,noun,none
gather,ኣከበ,(v) verb,verb,none
gather honey,ማዓር ኣከበ,(v) verb,verb,none
gathering,ኣኼባ,(n) noun,noun,none
general,ሓፈሻዊ,(a) adjective,adjective,none
general,ጀነራል,(n) noun,noun,none
generosity,ልውህና,(n) noun,noun,none
generous,ለጋስ,(a) adjective,adjective,none
genius,ኣስተውዓሊ,(an) adjective noun,adjective,noun-derived
gentleness,ሕያውነት,(n) noun,noun,none
gently,ቀስ,(adv) adverb,adverb,none
geography,ጆግራፍ,(n) noun,noun,none
geometrician,ጆመትሪ,(n) noun,noun,none
German,ጅርመናዊ,(a) adjective,adjective,none
get,ረኸበ,(v) verb,verb,none
get around,ሓለፈ,(v) verb,verb,none
get used to,ለመደ,(v) verb,verb,none
get used to someone,ኣልመደ,(v) verb,verb,none
gift,ህያብ,(n) noun,noun,none
giraffe,ዘራፍ,(n) noun,noun,none
girl,ጓል,(n) noun,noun,none
girlhood,ንእስነት,(n) noun,noun,none
give,ሃበ,(v) verb,verb,none
give an airing,ኣናፈሰ,(v) verb,verb,none
give back,መለሰ,(v) verb,verb,none
gladly,ደስታ,(adv) adverb,adverb,none
glass,ብርጭቆ,(n) noun,noun,none
gleam,ኣንጸባረቐ,(v) verb,verb,none
glide,ኣንሻተተ,(v) verb,verb,none
gloomy,ትኩዝ,(a) adjective,adjective,none
glove,ግዋንቲ,(n) noun,noun,none
glue,ኮላ,(n) noun,noun,none
glue,ለጠፈ,(v) verb,verb,none
gnash,ፋሕፈሐ,(v) verb,verb,none
go,ከደ,(v) verb,verb,none
go away,ረሓቐ,(v) verb,verb,none
go beyond,ቀደመ,(v) verb,verb,none
goal,ዕላማ,(n) noun,noun,none
goat,ጢል,(n) noun,noun,none
God,እግዚኣብሄር,(n) noun,noun,none
godchild,ጓል ብልግና,(n) noun,noun,none
godfather,ኣባሊገ,(n) noun,noun,none
godmother,ኣባሊገ,(n) noun,noun,none
godson,ወዲ ብልግና,(n) noun,noun,none
goggles,መነጸር,(n) noun,noun,none
gold,ወርቂ,(n) noun,noun,none
good,ጽቡቕ,(a) adjective,adjective,none
good evening,ከመይ,(n) noun,noun,none
good looking,ምልኩዕ,(a) adjective,adjective,none
good morning,(n interj) ደሓንዶ,(uncategorized) Uncategorized,uncategorized,none
goodbye,ደሓን ኩን,(interj) interjection,interjection,none
goodnight,ደሓን ሕደር,(interj) interjection,interjection,none
goods,ኣቕሓ,(n) noun,noun,none
goodwill,ጽቡቕ ድሌት,(n) noun,noun,none
gossip,ኣዕለለ,(v) verb,verb,none
government,መንግስቲ,(n) noun,noun,none
grace,ምሕረት,(n) noun,noun,none
grade,ነጥቢ,(v) verb,verb,none
graduate,ምምራቕ,(v) verb,verb,none
graduated,ተመሪቐ,(a) adjective,adjective,none
grain,እኽሊ,(n) noun,noun,none
gram,ግራም,(n) noun,noun,none
grammar,ስዋስዉ,(n) noun,noun,none
granary,መኽዘን ኽፍሊ,(n) noun,noun,none
grand father,ኣቦሓጎ,(n) noun,noun,none
grand mother,ዓባይ,(n) noun,noun,none
granddaughter (son),ጓል,(n) noun,noun,none
grandson (daughter),ወዲ,(n) noun,noun,none
grandson (son),ወዲ ወዲ,(n) noun,noun,none
grant,ኣፍቀደ,(v) verb,verb,none
grape,ወይኒ,(n) noun,noun,none
grasp,"ጸቐጠ, ተረድአ",(v) verb,verb,none
grass,ሳዕሪ,(n) noun,noun,none
grasshopper,ጢል ኣደይ,(n) noun,noun,none
grateful,ኣመስጋኒ,(a) adjective,adjective,none
gratitude,ምስጋና,(n) noun,noun,none
grave,መቓብር,(n) noun,noun,none
grazing,ሳዕሪ ምብላዕ,(n) noun,noun,none
grease,ስብሒ,(n) noun,noun,none
great,"ዓብዪ, ዓብይ",(a) adjective,adjective,none
greatly,ብብዚሒ,(adv) adverb,adverb,none
green,ቀጠልያ,(a) adjective,adjective,none
green beans,ፋጆሊ,(n) noun,noun,none
green cabbage,ካውሎ,(n) noun,noun,none
green collards,ሓምሊ,(n) noun,noun,none
green mustard,ሐምሊ ኣድሪ,(n) noun,noun,none
green onion,ዝቢኢ ሹጉርቲ,(n) noun,noun,none
green pepper,ጉዕ,(n) noun,noun,none
greenery,ለምዒ,(n) noun,noun,none
greet,ተቐበለ,(v) verb,verb,none
greeting,ሰላምታ,(n) noun,noun,none
grey,ሓሙኹሽታይ,(a) adjective,adjective,none
grief,ሓዘን,(n) noun,noun,none
grilled meat,ጥብሲ,(n) noun,noun,none
grind,ጠሓነ,(v) verb,verb,none
grip,ምሓዝ,(n) noun,noun,none
grocer,በዓል ድኳን,(n) noun,noun,none
grocery,ድኳን,(n) noun,noun,none
ground,ምድሪ,(n) noun,noun,none
group,ጉጅለ,(n) noun,noun,none
group,ጎጅለ,(v) verb,verb,none
grow,ዓበየ,(v) verb,verb,none
grow old,ኣረገ,(v) verb,verb,none
growl,ኣዕዘምዘመ,(v) verb,verb,none
grumble,ኣጉረምረመ,(v) verb,verb,none
guarantee,ውሕስነት,(n) noun,noun,none
guarantee,ተዋሓሰ,(v) verb,verb,none
guard,"ሓላዊ, ዘብዐኛ",(n) noun,noun,none
guess,ገመተ,(v) verb,verb,none
guide,መራሒ,(n) noun,noun,none
guilt,ገበን,(n) noun,noun,none
guilty,በደለኛ,(a) adjective,adjective,none
guilty,ገበነኛ,(n) noun,noun,none
gums,ግርጻን,(n) noun,noun,none
gun,ጠበንጃ,(n) noun,noun,none
gymnastics,ምውስዋስ አካላት,(n) noun,noun,none
habit,ኣመል,(n) noun,noun,none
hail,ኣጨብጨበ,(v) verb,verb,none
hair,"ጽምሪ, ጨጉሪ",(n) noun,noun,none
hairdresser,ቀምቃሚ,(n) noun,noun,none
half,ፍርቂ,(an) adjective noun,adjective,noun-derived
half year,መንፈቕ,(n) noun,noun,none
hammer,ማርተሎ,(n) noun,noun,none
hand,ኢድ,(n) noun,noun,none
hand bell,ቃጭል,(n) noun,noun,none
handful,ዕታሮ,(n) noun,noun,none
handkerchief,መንዲል,(n) noun,noun,none
handshake,ሰላምታ ኢድ,(n) noun,noun,none
hand writing,ጽሕፈት,(n) noun,noun,none
hang up,ኣንጠልጠለ,(v) verb,verb,none
happen,ኮነ,(v) verb,verb,none
happiness,ታሕጓስ,(n) noun,noun,none
happy,ሕጉስ,(a) adjective,adjective,none
hard,ድሩቕ,(a) adjective,adjective,none
hare,ማንቲለ በረኻ,(n) noun,noun,none
harm,ጉድለት,(n) noun,noun,none
harmful,ተጓዳኢ,(a) adjective,adjective,none
harmless,ዘይጎድእ,(a) adjective,adjective,none
harmony,ስምምዕ,(n) noun,noun,none
harvest,ቀውዒ,(n) noun,noun,none
harvest,ቀውዐ,(v) verb,verb,none
harvest grapes,ወይኒ ኣረየ,(v) verb,verb,none
hat,ቆቢዕ,(n) noun,noun,none
hate,ጸልአ,(v) verb,verb,none
hay,ሓሰር,(n) noun,noun,none
hazy,ግማዊ,(a) adjective,adjective,none
he,ንሱ,(prn) pronoun,pronoun,none
head,"ኣስራሒት, ርእሲ",(n) noun,noun,none
head,ኣስራሒ,(nm) noun masculine,noun,masculine
head master,"ዳይረክቶር,",(n) noun,noun,none
healing,ምሕዋይ,(n) noun,noun,none
health,ጥዕና,(n) noun,noun,none
healthy,ጥዑይ,(a) adjective,adjective,none
hear,ሰመዐ,(v) verb,verb,none
hearing,ምስማዕ,(n) noun,noun,none
heart,ልቢ,(n) noun,noun,none
heat,ዋዒ,(n) noun,noun,none
heat,ኣውዓየ,(v) verb,verb,none
heater,መሞቒ,(n) noun,noun,none
heating,መውዓይ,(n) noun,noun,none
heavenly,ገነታዊ,(a) adjective,adjective,none
heavy,ከቢድ,(a) adjective,adjective,none
heel,"ታኮ, ሸኾና እግሪ",(n) noun,noun,none
heels,ኩሩኹሮ,(n) noun,noun,none
height,ቁመት,(n) noun,noun,none
hello,ሰላም,(interj) interjection,interjection,none
helmet,ቆቢዕ ወታሃደር,(n) noun,noun,none
help,ሓገዝ,(n) noun,noun,none
help,ሓገዘ,(v) verb,verb,none
henhouse,መራብሒ ደርሁ,(n) noun,noun,none
here,ኣብዚ,(adv) adverb,adverb,none
hero,ቀንዲ ተዋሳኢ,(n) noun,noun,none
heroic,ጀግና,(an) adjective noun,adjective,noun-derived
hers,ናታ,(a) adjective,adjective,none
hesitate,ተጠራጠረ,(v) verb,verb,none
hesitation,ጥርጠራ,(n) noun,noun,none
hide,ሐብአ,(v) verb,verb,none
hiding place,መሕብኢ,(n) noun,noun,none
high school,ካልኣይ ደረጃ,(n) noun,noun,none
higher,ላዕላይ,(a) adjective,adjective,none
hill,ኩርባ,(n) noun,noun,none
hip,ምሕኩልቲ,(n) noun,noun,none
hips,ጎሎ,(n) noun,noun,none
hire,ኣካረየ,(v) verb,verb,none
his,ናቱ,(a) adjective,adjective,none
history,ታሪኽ,(n) noun,noun,none
hit,ወቕዐ,(v) verb,verb,none
hobo,ኮብላሊ,(n) noun,noun,none
hold,ምሓዝ,(n) noun,noun,none
hold,ሓዘ,(v) verb,verb,none
hold up,ደንጎየ,(v) verb,verb,none
hole,ነኳል,(an) adjective noun,adjective,noun-derived
hole,ጉድጓድ,(n) noun,noun,none
holiday,(na) በዓል,(uncategorized) Uncategorized,uncategorized,none
holy,ቅዲስ,(a) adjective,adjective,none
holy,ጻድቕ,(n) noun,noun,none
home,ገዛ,(n) noun,noun,none
homeland,ዓደቦ,(n) noun,noun,none
homeless,ኮብላሊ,(n) noun,noun,none
honest,ሓቀኛ,(a) adjective,adjective,none
honesty,ቅንዕና,(n) noun,noun,none
honey,ማዓር,(n) noun,noun,none
honey wine,ሜስ,(n) noun,noun,none
honour,ኣኽበረ,(v) verb,verb,none
honourable,ክቡር,(a) adjective,adjective,none
hope,ተስፋ,(n) noun,noun,none
hope for,ተተስፈየ,(v) verb,verb,none
horizontal,ግድሞ,(a) adjective,adjective,none
horn,ቀርኒ,(n) noun,noun,none
horrible,ኣሰንባዲ,(a) adjective,adjective,none
horse,ፈረስ,(n) noun,noun,none
horse rider,ፈረሰኛ,(n) noun,noun,none
horsemanship,ፈረስ ምስቃል,(n) noun,noun,none
hose,ቱቦ,(n) noun,noun,none
hospitable,ኣአንጋዲ,(a) adjective,adjective,none
hospital,ሆስፒታል,(n) noun,noun,none
host,ተቐባል ጋሻ,(n) noun,noun,none
hot,ውዑይ,(a) adjective,adjective,none
hotel,ሆቴል,(n) noun,noun,none
hour,ሰዓት,(n) noun,noun,none
house,ገዛ,(n) noun,noun,none
how,ከመይ,(adv) adverb,adverb,none
how much,ክንደይ,(adv) adverb,adverb,none
however,"ግን, ግና, ጌና",(con) conjunction,conjunction,none
huge,ግዙፍ,(a) adjective,adjective,none
human,ወዲ ሰብ,(a) adjective,adjective,none
humanitarian,ሰብኣዊ,(a) adjective,adjective,none
humanity,ፍጥረት ሰብ,(n) noun,noun,none
humidity,ጠሊ,(n) noun,noun,none
humiliate,ኣናሸወ,(v) verb,verb,none
hump,መንዳዓት,(n) noun,noun,none
hundred,ሚእቲ,(an) adjective noun,adjective,noun-derived
hundred kilos,ኩንታል,(n) noun,noun,none
hunger,ጥሜት,(n) noun,noun,none
hungry,ጥሙይ,(a) adjective,adjective,none
hunt,ሃደነ,(v) verb,verb,none
hunter,ሃዳናይ,(n) noun,noun,none
hurry,ታህዋኽ,(n) noun,noun,none
hurry,ተሃወኸ,(v) verb,verb,none
hurry up,ቀልጠፈ,(v) verb,verb,none
hurt,ጉድኣት,(n) noun,noun,none
hurt,ጐድአ,(v) verb,verb,none
hurt oneself,ተጎድአ,(v) verb,verb,none
husband,በዓል ቤት,(nm) noun masculine,noun,masculine
hut,ኣጉዶ,(n) noun,noun,none
hyena,ዝብኢ,(n) noun,noun,none
hygiene,ስነ ጥዕና,(n) noun,noun,none
I,ኣነ,(prn) pronoun,pronoun,none
idea,ሓሳብ,(n) noun,noun,none
ideal,ዝሰማማዕ,(n) noun,noun,none
identify,ፈለጠ,(v) verb,verb,none
ignorance,ድንቁርና,(n) noun,noun,none
ignorant,ደንቆሮ,(a) adjective,adjective,none
ignore,ሻላ በለ,(v) verb,verb,none
ill,ሕሙም,(n) noun,noun,none
illuminate,ኣብረሀ,(v) verb,verb,none
image,ስእሊ,(n) noun,noun,none
imagine,ሓሰበ,(v) verb,verb,none
imitate,ቀድሐ,(v) verb,verb,none
immediately,ብኡንቡኡ,(adv) adverb,adverb,none
immobile,ዘይንቀሳቐስ,(a) adjective,adjective,none
importance,ኣድላይነት,(n) noun,noun,none
important,ኣገዳሲ,(a) adjective,adjective,none
impossibility,ዘይካኣልነት,(n) noun,noun,none
impossible,ዘይካኣል,(a) adjective,adjective,none
impress,ኣደነቐ,(v) verb,verb,none
improve,ኣመሓየሸ,(v) verb,verb,none
in advance,ኣቐዲምካ ዝግበር,(a) adjective,adjective,none
"in, go",ጠሓለ,(v) verb,verb,none
incapable,ዘይክእል,(a) adjective,adjective,none
include,ወሰኸ,(v) verb,verb,none
inconvenience,ጸገመ,(v) verb,verb,none
increase,ወሰኸ,(v) verb,verb,none
indeed,ብሓቂ,(adv) adverb,adverb,none
independence,ነጻነት,(n) noun,noun,none
independent,ነጻ,(a) adjective,adjective,none
indicate,ኣመልከተ,(v) verb,verb,none
indigestion,ዘይሕቀት መግቢ,(n) noun,noun,none
industrial,ኡንዱስትሪያዋ,(a) adjective,adjective,none
industrial area,ዞባ ቤት,(a) adjective,adjective,none
industrialist,ኡንዱስትሪ,(n) noun,noun,none
inevitable,ዘይተርፍ,(a) adjective,adjective,none
inevitably,ግድነት,(adv) adverb,adverb,none
infant,ሕጻን,(n) noun,noun,none
infantile,ናይ ሕጻን,(a) adjective,adjective,none
inferior,ታሕታይ,(a) adjective,adjective,none
infinite,ወሰን ዘአይብሉ,(an) adjective noun,adjective,noun-derived
inflame,ኣሕረቐ,(v) verb,verb,none
influence,ጽልዋ,(n) noun,noun,none
inform,ኣፍለጠ,(v) verb,verb,none
information,"ሓበሬታ, ወረ",(n) noun,noun,none
ingratitude,ዘይምምስጋን,(n) noun,noun,none
inhabitant,ተቐማጢ,(nm) noun masculine,noun,masculine
inheritance,ውርሻ,(n) noun,noun,none
injure,ጎድአ,(v) verb,verb,none
injure oneself,ተጎድአ,(v) verb,verb,none
injury,ጉድኣት,(n) noun,noun,none
ink,ቀለም,(n) noun,noun,none
ink well,ጥርሙዝ ቀለም,(n) noun,noun,none
innocence,ንጽህና,(n) noun,noun,none
innocent,ንጽህ,(a) adjective,adjective,none
inquiry,ወረ,(n) noun,noun,none
insect,ሓሰኻ,(n) noun,noun,none
inside,ውሽጢ,(a) adjective,adjective,none
insist,ብግዲ በለ,(v) verb,verb,none
insoluble,ዘይፍታሕ,(a) adjective,adjective,none
inspect,በጽሐ,(v) verb,verb,none
inspector,ተቖጻጻሪ,(n) noun,noun,none
institute,ትካል,(n) noun,noun,none
instructive,ሃናጺ,(a) adjective,adjective,none
instrument,መሳርሒ ኣቕሓ,(n) noun,noun,none
insult,ጸርፊ,(n) noun,noun,none
insult,ጸረፈ,(v) verb,verb,none
intellectual,ምሁር,(a) adjective,adjective,none
intelligence,ኣስተውዕሎ,(n) noun,noun,none
intelligent,ኣስተውዓሊ,(an) adjective noun,adjective,noun-derived
intend,ኣመስለ,(v) verb,verb,none
intention,ዕላማ,(n) noun,noun,none
interest,ወለድ,(n) noun,noun,none
interesting,ኣገዳሲ,(a) adjective,adjective,none
interrupt,ኣቋረጸ,(v) verb,verb,none
intervene,ጣልቃ ኣተወ,(v) verb,verb,none
intestine,መዓንጣ,(n) noun,noun,none
introduce,ኣላለየ,(v) verb,verb,none
introduction,መእተዊ,(n) noun,noun,none
invade,ወረረ,(v) verb,verb,none
invalid,ዋጋ ዘይብሉ,(a) adjective,adjective,none
invent,መሃዘ,(v) verb,verb,none
invention,ምህዞ,(n) noun,noun,none
investigate,ኣጽንዐ,(v) verb,verb,none
investigation,መርመረ,(n) noun,noun,none
invisible,ዘይረአ,(a) adjective,adjective,none
invitation,ዕድመ,(n) noun,noun,none
invite,ዓደመ,(v) verb,verb,none
involve,ተኻፈለ,(v) verb,verb,none
iron,ሓጺን,(n) noun,noun,none
ironing,እስትራረ,(n) noun,noun,none
irrigate,መስኖወ,(v) verb,verb,none
irritate,ኣሕረቐ,(v) verb,verb,none
island,ደሴት,(n) noun,noun,none
isolate,ፈለየ,(v) verb,verb,none
Italian,ኡጣልያዊ,(a) adjective,adjective,none
Italian parsley,ፐርሰሜሎ,(n) noun,noun,none
item,ኣቕሓ,(n) noun,noun,none
item of clothing,ክዳን,(n) noun,noun,none
ivory,ስኒ ሓርማዝ,(n) noun,noun,none
ivy,ኣይቢ ዓይነት ሓረግ,(n) noun,noun,none
jacket,ጁባ,(n) noun,noun,none
jacket,ጃኬት,(n) noun,noun,none
jalapeño pepper,ጒዕ,(n) noun,noun,none
jam,ማልመላታ,(n) noun,noun,none
January,ጥሪ,(n) noun,noun,none
jaw,መንጋጋ,(n) noun,noun,none
jealous,ቀናአ,(a) adjective,adjective,none
jealousy,ቅንኢ,(n) noun,noun,none
Jesus Christ,የሱስ ክርስቶስ,(n) noun,noun,none
jewel,ስልማት,(n) noun,noun,none
job,ስራሕ,(n) noun,noun,none
join,ሰዓበ,(v) verb,verb,none
joke,ላግጺ,(n) noun,noun,none
jostle,ደፋፍአ,(v) verb,verb,none
journal,ጋዜጣ,(n) noun,noun,none
journalist,ጋዜጠኛ,(n) noun,noun,none
journey,"ጉዕዞ, መገሻ",(n) noun,noun,none
joy,ደስታ,(n) noun,noun,none
joyful,ድሱት,(a) adjective,adjective,none
judge,"ፈራዲ, ዳኛ, ፈራዳይ",(n) noun,noun,none
judge,ዓራቒት ፈራዲት,(nf) noun feminine,noun,feminine
judge,ዓራቓይ,(nm) noun masculine,noun,masculine
judge,"ዳነየ, ምፍራድ, ምፍታሕ",(v) verb,verb,none
judgement,"ኣንፈት, ፍርዲ,",(n) noun,noun,none
juicy,ፈሳሲ ዘለዎ,(a) adjective,adjective,none
July,ሓምለ,(n) noun,noun,none
jump,ዝላ,(n) noun,noun,none
jump,ዘለለ,(v) verb,verb,none
junction,መራኸቢ,(n) noun,noun,none
June,ሰነ,(n) noun,noun,none
junior high school,ማእከላይ,(n) noun,noun,none
juror,ፈራዲ,(n) noun,noun,none
jury,ፈራዶ,(n) noun,noun,none
just,ልክዕ,(a) adjective,adjective,none
justify,መግለጺ ሃበ,(v) verb,verb,none
keep,ዓቀበ,(v) verb,verb,none
kennel,ኣጉዶ,(n) noun,noun,none
key,መፍትሕ,(n) noun,noun,none
kick,ነድሐ,(v) verb,verb,none
kidney,ኩላሊት,(n) noun,noun,none
kill,ቀተለ,(v) verb,verb,none
kilogram,ኪሎግራም,(n) noun,noun,none
kilometre,ኪሎሜተር,(n) noun,noun,none
kind,ትዑይ,(a) adjective,adjective,none
kind,ዓይነት,(n) noun,noun,none
kindergarten,መውዓል ህጻናት,(n) noun,noun,none
kindly,ሕያዋይ,(a) adjective,adjective,none
kindness,ለውሃት,(n) noun,noun,none
king,ንጉስ,(n) noun,noun,none
kingdom,ግዝኣት,(n) noun,noun,none
kingly,ንጉሳዊ,(a) adjective,adjective,none
kiss,ስዕመት,(n) noun,noun,none
kiss,ሰዓመ,(v) verb,verb,none
kitchen,ክሽነ,(n) noun,noun,none
kitten,ውላድ ድሙ,(n) noun,noun,none
knead,ለወሰ,(v) verb,verb,none
knee,ብርኪ,(n) noun,noun,none
kneel,ተምበርከኸ,(v) verb,verb,none
knew,ፍሉጥ,(a) adjective,adjective,none
knife,ካራ,(n) noun,noun,none
knight,ፈረሰኛ,(n) noun,noun,none
knit,ኣለመ,(v) verb,verb,none
knock,ሃረመ,(v) verb,verb,none
knot,ቁጻር,(n) noun,noun,none
know,ፈለጠ,(v) verb,verb,none
know how to,ፍልጠት,(n) noun,noun,none
knowledge,ፍልጠት,(n) noun,noun,none
ladder,ኣስካላ,(n) noun,noun,none
lady,ሰበይቲ,(n) noun,noun,none
lair,በዓቲ,(n) noun,noun,none
lake,ቀላይ,(n) noun,noun,none
lamb,ዕየት,(n) noun,noun,none
lamp,ፋኑስ,(n) noun,noun,none
lampshade,ገራድ ብርሃን,(n) noun,noun,none
land,ዓለበ,(v) verb,verb,none
language,ቛንቛ,(n) noun,noun,none
large,"ዓብይ, ገዚፍ",(a) adjective,adjective,none
large intestine,ማዓንጣ,(n) noun,noun,none
last,መጠረሽታ,(a) adjective,adjective,none
late,"(n) ድንጉይ,  ዝሓለፈ",(a) adjective,adjective,none
latecomer,ደንጓዩ,(n) noun,noun,none
lateness,(n adv) ድንጉይ,(uncategorized) Uncategorized,uncategorized,none
latest,መጠረሽታ,(a) adjective,adjective,none
laugh,ሰሓቐ,(v) verb,verb,none
"laugh, at",ተላገጸ,(v) verb,verb,none
laughter,ሳሓቕ,(n) noun,noun,none
law,ሕጊ,(v) verb,verb,none
lawyer,ጠበቓ,(n) noun,noun,none
lay,ኣቐመጠ,(v) verb,verb,none
lay eggs,እንቋቑሖ ወለደት,(v) verb,verb,none
laziness,ትህኪት,(n) noun,noun,none
lazy,ሃካይ,(a) adjective,adjective,none
lead,"ኣምረሐ, መርሐ",(v) verb,verb,none
leader,መራሒ,(n) noun,noun,none
leaf,ቆጽሊ,(n) noun,noun,none
leak,ሞሎቐ,(v) verb,verb,none
lean,ቀጢን,(a) adjective,adjective,none
lean on,ተደገፈ,(v) verb,verb,none
lean out,ደነነ,(v) verb,verb,none
leap,ነጠረ,(v) verb,verb,none
learn,ተማህረ,(v) verb,verb,none
learned,ሊቕ,(n) noun,noun,none
least,(a adv) ጎደሎ,(uncategorized) Uncategorized,uncategorized,none
leather,ቆርበት,(n) noun,noun,none
leave,ገደፈ,(v) verb,verb,none
lecture,ስብከት,(n) noun,noun,none
left,ጸጋም,(an) adjective noun,adjective,noun-derived
"left, be",ተረፈ,(v) verb,verb,none
leg,ዳንጋ,(n) noun,noun,none
leg muscles,ሙሕኹልቲ,(n) noun,noun,none
legacy,ውርሻ,(n) noun,noun,none
legend,ኣፈ ታሪኽ,(n) noun,noun,none
legs,ሙሕኹልቲ,(n) noun,noun,none
lemon,ለሚን,(n) noun,noun,none
lemon tree,ገረብ ለሚን,(n) noun,noun,none
lend,ኣለቀሐ,(v) verb,verb,none
lengthen,ኣንወሐ,(v) verb,verb,none
lens,መርዓት ዓይኒ,(n) noun,noun,none
lentils,ብርስን,(n) noun,noun,none
leopard,ነብሪ,(n) noun,noun,none
less,(a adv) ጎደሎ,(uncategorized) Uncategorized,uncategorized,none
lesson,መጽናዕቲ ትምህርቲ,(n) noun,noun,none
let,ሓደገ,(v) verb,verb,none
letter (alphabet),ፊደል,(n) noun,noun,none
letter,ደብዳቤ,(n) noun,noun,none
letter box,ቦስጣ ሳጹን,(n) noun,noun,none
lettuce,ሳላጣ,(n) noun,noun,none
level,ማዕረ,(a) adjective,adjective,none
liar,ሓሳዊ,(a) adjective,adjective,none
liberal,ሰፊሕ ሓሳብ,(a) adjective,adjective,none
liberty,ሓርነት,(n) noun,noun,none
library,ቤተ ንባብ,(n) noun,noun,none
lick,ለሓሰ,(v) verb,verb,none
lid,መኽደኒ ድስቲ,(n) noun,noun,none
lie,ሓሶት,(n) noun,noun,none
lie,ተጋደመ,(v) verb,verb,none
life,ሂወት,(n) noun,noun,none
lift,ኣልዓለ,(v) verb,verb,none
ligament,ጂማት,(n) noun,noun,none
light,ፈኲስ,(a) adjective,adjective,none
light,ብራሃን,(n) noun,noun,none
light,ኣብረሀ,(v) verb,verb,none
light up,ወለዐ,(v) verb,verb,none
likable,ፍሕሽው,(a) adjective,adjective,none
like,(adv a) ከም,(uncategorized) Uncategorized,uncategorized,none
limb,መሓውር,(n) noun,noun,none
lime,ለሚን,(n) noun,noun,none
limit,ደረት,(n) noun,noun,none
limit,ወሰነ,(v) verb,verb,none
line,መስመር,(n) noun,noun,none
linen,ዓለባ,(n) noun,noun,none
lining,ፎደራ,(n) noun,noun,none
link,ሰንሰለት,(n) noun,noun,none
lion,ኣንበሳ,(n) noun,noun,none
lip,ከንፈር,(n) noun,noun,none
liquid,ፈሳሲ,(a) adjective,adjective,none
list,ዝርዝር,(n) noun,noun,none
listen,ሰምዐ,(v) verb,verb,none
listen to,ኣድመጸ,(v) verb,verb,none
liter,ሊተር,(n) noun,noun,none
literature,ስነ ጽሑፋ,(n) noun,noun,none
little,ንእሽተይ,(a) adjective,adjective,none
live,ሃለወ,(v) verb,verb,none
liven,ህይወት ሃበ,(v) verb,verb,none
liver,"ከብዲ, ጸላም አብዲ",(n) noun,noun,none
living,ሂወታዊ,(a) adjective,adjective,none
living room,መዕረፊ ክፍሊ,(n) noun,noun,none
load,ጽዕነት,(n) noun,noun,none
load,ጸዓነ,(v) verb,verb,none
loading,ጽዕነት,(n) noun,noun,none
loan,ልቓሕ,(n) noun,noun,none
loan,ኣለቀሐ,(v) verb,verb,none
loathe,ጸልአ,(v) verb,verb,none
local,ዞባዊ,(a) adjective,adjective,none
locality,ቦታ,(n) noun,noun,none
lock,መሽገጥ,(n) noun,noun,none
lock up,ዓጸወ,(v) verb,verb,none
locomotive,ተንቀሳቓሲ,(a) adjective,adjective,none
locust,ኣንበጣ,(n) noun,noun,none
loneliness,"ጽምዋ, ብሕትውና",(n) noun,noun,none
lonely,ጽምው,(a) adjective,adjective,none
long,ነዊሕ,(a) adjective,adjective,none
long,ነዊሕ ግዝ,(adv) adverb,adverb,none
long sigh,ኣስተንፈሰ,(v) verb,verb,none
long lived,ነዊሕ ጸናሒ,(a) adjective,adjective,none
look,ተመልከተ,(v) verb,verb,none
look after,ተኸናኸነ,(v) verb,verb,none
look at,ጠመተ,(v) verb,verb,none
loosen,ነቐለ,(v) verb,verb,none
lord,ጎይታ,(n) noun,noun,none
lorry,መኪና ጽዕነት,(n) noun,noun,none
lose,ተሳዓረ,(v) verb,verb,none
loser,ስዑር,(a) adjective,adjective,none
loss,ክስራን,(n) noun,noun,none
loud,ጫውጫውታ ዘለዎ,(a) adjective,adjective,none
love,ፍቕሪ,(n) noun,noun,none
love,ኣፍቀረ,(v) verb,verb,none
"love with, in",ፍቑር,(a) adjective,adjective,none
loving,ፍቑር,(a) adjective,adjective,none
low,ታሕቲ,(a) adjective,adjective,none
lower,"ነከየ, ኣትሓተ",(v) verb,verb,none
luck,ዕድል,(n) noun,noun,none
lunch,ቆረሰ,(v) verb,verb,none
lung,ሳንቡእ,(n) noun,noun,none
lungs,ሳንቡእ,(n) noun,noun,none
luxury,ጣዐሚ,(n) noun,noun,none
machine gun,ማሺን ጋን,(n) noun,noun,none
Madame,ወይዘሮ,(n) noun,noun,none
magical,ሽሕራዊ,(a) adjective,adjective,none
magnificent,ዘደንቕ,(a) adjective,adjective,none
mail,ደብዳቤ,(n) noun,noun,none
mailman,ቦስጠኛ,(n) noun,noun,none
main,ቀንዲ,(a) adjective,adjective,none
maintain,ናበየ,(v) verb,verb,none
maize,ዑፉን,(n) noun,noun,none
make,ገበረ,(v) verb,verb,none
make a hole,ኣንኮለ,(v) verb,verb,none
make bigger,ኣዕበየ,(v) verb,verb,none
make up,ኣቖመ,(v) verb,verb,none
make widely known,ቀልዐ,(v) verb,verb,none
male,ተባዕታይ,(n) noun,noun,none
malicious,ሃሳይ,(a) adjective,adjective,none
mammal,መጥበዊ,(n) noun,noun,none
man,ሰብኣይ,(n) noun,noun,none
manage,ኣመሓደረ,(v) verb,verb,none
manager,ሓለቓ,(n) noun,noun,none
mandate,ትእዛዝ,(n) noun,noun,none
manifest,ኣግሃደ,(v) verb,verb,none
mankind,ፍጥረት ሰብ,(n) noun,noun,none
manner,ኣገባብ,(n) noun,noun,none
manufacture,ሰርሐ,(v) verb,verb,none
many,ብዙሕ,(adv) adverb,adverb,none
map,ካርታ,(n) noun,noun,none
marble,"ባሊና, እምነ በረድ",(n) noun,noun,none
march,መጋቢት,(n) noun,noun,none
marine,ባሕራዊ,(a) adjective,adjective,none
maritime,ናይ ባሕሪ,(a) adjective,adjective,none
mark,ምልክት,(n) noun,noun,none
marriage,መርዓ,(n) noun,noun,none
married (get),ተመርዓወ,(v) verb,verb,none
marry off,ኣመርዓወ,(v) verb,verb,none
marvellous,ዘደንቕ,(a) adjective,adjective,none
mass,ቅዳሴ,(n) noun,noun,none
mass,እኩብ,(n) noun,noun,none
massage,ምድራዝ,(n) noun,noun,none
master,መም ህር,(n) noun,noun,none
match,ክርቢት,(n) noun,noun,none
mate,ብጸይቲ,(nf) noun feminine,noun,feminine
mate,ብጻይ,(nm) noun masculine,noun,masculine
material,ኣቑሑ ህንጻ,(n) noun,noun,none
matter,ጉዳይ,(n) noun,noun,none
matter,ኣገደሰ,(v) verb,verb,none
maturity,ብስለት,(n) noun,noun,none
May,ጉንበት,(n) noun,noun,none
mayor,ከንቲባ,(n) noun,noun,none
me,ኣነ,(prn) pronoun,pronoun,none
mead,ሜስ,(n) noun,noun,none
meal,ብልዒ,(n) noun,noun,none
mean,ሕሱም,(a) adjective,adjective,none
measles,ንፍዮ,(n) noun,noun,none
measure,ዓቀነ,(v) verb,verb,none
measurement,ዓቐን,(n) noun,noun,none
meat,ስጋ,(n) noun,noun,none
mechanic,መካኒክ,(n) noun,noun,none
medal,መዳልያ,(n) noun,noun,none
medication,መድሃኒት,(n) noun,noun,none
medicine,ሕክምና,(n) noun,noun,none
medium,ማእከል,(n) noun,noun,none
meet,ተራኸበ,(v) verb,verb,none
meeting,ኣኼባ,(n) noun,noun,none
melt,ሓቐቐ,(v) verb,verb,none
melting,ምሕቃቐ,(n) noun,noun,none
member,ኣባል,(n) noun,noun,none
memory,ዝኽረት,(n) noun,noun,none
mend,ኣዐረየ,(v) verb,verb,none
mention,ረቝሐ,(v) verb,verb,none
merchant,ነጋዳይ,(n) noun,noun,none
mercy,ምሕረት,(n) noun,noun,none
merit,ብቕዓት,(n) noun,noun,none
messenger,መልእኽተኛ,(n) noun,noun,none
metal,ብረት,(n) noun,noun,none
metallic,ብረታዊ,(a) adjective,adjective,none
meteorology,ስነ ኣየር,(n) noun,noun,none
meter,ቆጻሪ,(n) noun,noun,none
method,ቀጥዒ,(n) noun,noun,none
metre,ሜተር,(n) noun,noun,none
middle,ማእከላይ,(a) adjective,adjective,none
middle,ማእከል,(n) noun,noun,none
middle school,ማእከላይ ደረጃ,(n) noun,noun,none
midnight,ፍርቂ ለይቲ,(n) noun,noun,none
migrant,ስደተኛ,(a) adjective,adjective,none
military,ወተሃበራዊ,(a) adjective,adjective,none
milk,ጸባ,(n) noun,noun,none
milk man,በዓል ጸባ,(nm) noun masculine,noun,masculine
milk woman,በዓልቲ ጸባ,(nf) noun feminine,noun,feminine
millimetre,ሚሊ ሜተር,(n) noun,noun,none
mind,ጓሰየ,(v) verb,verb,none
mine,(a prn) ናተይ,(uncategorized) Uncategorized,uncategorized,none
mineral,ማዕድን,(an) adjective noun,adjective,noun-derived
minister,ሚኒስተር,(n) noun,noun,none
minor,"ንእሽቶ, ንእሽተይ",(a) adjective,adjective,none
minor,ፈሓር ማዕድን,(n) noun,noun,none
minority,ውሑዳን,(n) noun,noun,none
minute,ደቒቕ,(n) noun,noun,none
miracle,ትኣምር,(n) noun,noun,none
mirror,መስትያት,(n) noun,noun,none
misdemeanour,በደል,(n) noun,noun,none
misfortune,ሕማቕ ዕድል,(n) noun,noun,none
miss,ወይዘሪት,(n) noun,noun,none
miss,ሰሓተ,(v) verb,verb,none
"missing, be",ጎደለ,(v) verb,verb,none
missionary,ሰባኺ,(an) adjective noun,adjective,noun-derived
mistake,(na) ጌጋ,(uncategorized) Uncategorized,uncategorized,none
Mister,ኣቶ,(n) noun,noun,none
mix,ሓዋወሰ,(v) verb,verb,none
mixed,ሕውስዋስ,(a) adjective,adjective,none
moan,ጥርዓን,(n) noun,noun,none
mob,ጽቕጥቅጥ,(n) noun,noun,none
mobile,ተንቀሳቓሲ,(a) adjective,adjective,none
mocking,ሓጫጪ,(a) adjective,adjective,none
mode,ቅዲ ሞዳ,(n) noun,noun,none
mode of transport,መጓዓዝያ,(n) noun,noun,none
model,ቅዲ,(n) noun,noun,none
modern,ግዚያዊ,(a) adjective,adjective,none
modest,ምቕሉል,(a) adjective,adjective,none
modesty,ትሕትና,(n) noun,noun,none
moisture,ጠሊ,(n) noun,noun,none
momentary,ግዚያዊ,(a) adjective,adjective,none
monastery,ገዳም,(n) noun,noun,none
Monday,ሰኑይ,(n) noun,noun,none
money,ሰልዲ,(n) noun,noun,none
monk,ፈላሲ,(n) noun,noun,none
monkey,ህበይ,(n) noun,noun,none
month,ወርሒ,(n) noun,noun,none
monthly,ወርሓዊ,(a) adjective,adjective,none
monument,ሓወልቲ,(n) noun,noun,none
moral,ሞራል,(n) noun,noun,none
more,ዝያዳ,(adv) adverb,adverb,none
morning,ናይ ንጉሆ,(a) adjective,adjective,none
morning,ንጉሆ,(n) noun,noun,none
mortgage,ልቓሕ,(n) noun,noun,none
mosque,መስጊድ,(n) noun,noun,none
mosquito,ጣንጡ,(n) noun,noun,none
mother,ኣደ,(n) noun,noun,none
motionless,ዘይንቀሳቐስ,(a) adjective,adjective,none
motive,ምኽንያት,(n) noun,noun,none
motor,ሞተር,(n) noun,noun,none
motorbike,ሞቶ,(n) noun,noun,none
mountain,ጎቦ,(n) noun,noun,none
mountainous,ጎባዊ,(a) adjective,adjective,none
mouse,ኣንጭዋ,(n) noun,noun,none
mouth,ኣፍ,(n) noun,noun,none
move,ቦታ ቀየረ,(v) verb,verb,none
move away,ረሓቐ,(v) verb,verb,none
move everything out,ገዓዘ,(v) verb,verb,none
"moved, be",ደንገጸ,(v) verb,verb,none
much,ብዙሕ,(adv) adverb,adverb,none
mucus,ንፋጥ,(n) noun,noun,none
mud,ጭቃ,(n) noun,noun,none
muddy,ጭቃዊ,(a) adjective,adjective,none
mule,በቕሊ,(n) noun,noun,none
multiple,ርባሕ,(an) adjective noun,adjective,noun-derived
multiplication,ምርባሕ,(n) noun,noun,none
mumps,ጽጌዕ,(n) noun,noun,none
municipal,ምምሕዳር ከተማ,(a) adjective,adjective,none
murder,ቀተለ,(v) verb,verb,none
murderer,ቀታሊ,(an) adjective noun,adjective,noun-derived
murderous,ቀታሊ,(an) adjective noun,adjective,noun-derived
murmur,ኣዕዘምዘመ,(v) verb,verb,none
muscle,ጭዋዳ,(n) noun,noun,none
museum,ቤተ መዘከር,(n) noun,noun,none
mushroom,ቃንጥሻ,(n) noun,noun,none
music,ሙዚቃ,(n) noun,noun,none
musician,ሙዚቀኛ,(an) adjective noun,adjective,noun-derived
mustard,ሰናፍጭ,(n) noun,noun,none
mutton,ስጋ በጊዕ,(n) noun,noun,none
mysterious,ምስጢራዊ,(a) adjective,adjective,none
mystery,ምስጢር,(n) noun,noun,none
nail,መስማር,(n) noun,noun,none
nail file,መብረድ,(n) noun,noun,none
naive,ገርሂ,(a) adjective,adjective,none
narrow,ጽቢብ,(a) adjective,adjective,none
nastiness,ርግመት,(n) noun,noun,none
nasty,ግናይ,(a) adjective,adjective,none
national,ሃገራዊ,(a) adjective,adjective,none
nationality,ዜግነት,(n) noun,noun,none
natural,ባህርያዊ,(a) adjective,adjective,none
navigate,ሰፈፈ,(v) verb,verb,none
near,ቀረበ,(a) adjective,adjective,none
nearly,ጥቓ,(adv) adverb,adverb,none
neat,ጽሩይ,(a) adjective,adjective,none
neatness,ጽሬት,(n) noun,noun,none
necessary,ኣድላይ,(a) adjective,adjective,none
necessity,ኣድላይነት,(n) noun,noun,none
neck,ክሳድ,(n) noun,noun,none
necktie,ክራባታ,(n) noun,noun,none
need,ደለየ,(v) verb,verb,none
needle,መርፍእ,(n) noun,noun,none
neglect,ሸለል በለ,(v) verb,verb,none
negligence,ሸለልትነት,(n) noun,noun,none
negligent,ዘይግደስ,(a) adjective,adjective,none
neighbourhood,ጉርብትና,(n) noun,noun,none
neighbouring,ጎረቤት,(an) adjective noun,adjective,noun-derived
nephew (brother),ወዲ ሓዊ,(n) noun,noun,none
nephew (sister),ወዲ ሓብቲ,(n) noun,noun,none
nest,ገዛ ዑፍ,(n) noun,noun,none
nest,ገዛ ዑፍ ሰርሐ,(v) verb,verb,none
never,ብፍጹም,(adv) adverb,adverb,none
new,ሓዲሽ,(a) adjective,adjective,none
new year,ሓዲሽ ዓመት,(n) noun,noun,none
news,ወረ,(n) noun,noun,none
newspaper,ጋዜጣ,(n) noun,noun,none
next,ዝስዕብ,(a) adjective,adjective,none
next,ቀጺሉ,(adv) adverb,adverb,none
nice,"ሕያዋይ, ጥዑም",(a) adjective,adjective,none
niece (brother),ጓል ሓዊ,(n) noun,noun,none
niece (sister),ጓል ሓብቲ,(n) noun,noun,none
night,ለይቲ,(n) noun,noun,none
nightstand,ኮመዲኖ,(n) noun,noun,none
night time,ለይታዊ,(a) adjective,adjective,none
nine,ትሽዓተ,(a) adjective,adjective,none
nineteen,ዓሰርተ ትሽዓተ,(an) adjective noun,adjective,noun-derived
ninety,ተስዓ,(an) adjective noun,adjective,noun-derived
ninth grade,ታሽዓይ ክፍሊ,(n) noun,noun,none
no,እምቢ,(a) adjective,adjective,none
nobility,ጎይትነት,(n) noun,noun,none
noise,ጫውጫውታ,(n) noun,noun,none
noisy,ጫውጫውታ ዘለዎ,(a) adjective,adjective,none
normal,ልሙድ,(a) adjective,adjective,none
north,(na) ሰሜን,(uncategorized) Uncategorized,uncategorized,none
northern,(na) ሰሜናዊ,(uncategorized) Uncategorized,uncategorized,none
nose,ኣፍንጫ,(n) noun,noun,none
nostril,"መስኮት ኣፍንጫ,",(n) noun,noun,none
note,ነጥቢ ሓዘ,(v) verb,verb,none
notebook,ጥራዝ,(n) noun,noun,none
nothing,ገለኳ,(adv) adverb,adverb,none
notice,ምልክታ,(n) noun,noun,none
notify,ኣፍለጠ,(v) verb,verb,none
novel,ልብ ወለድ,(n) noun,noun,none
novelist,ተራኺት,(nf) noun feminine,noun,feminine
novelist,ተራኺ,(nm) noun masculine,noun,masculine
November,ሕዳር,(n) noun,noun,none
now,ሕጂ,(adv) adverb,adverb,none
numb,ኣደቀሰ,(v) verb,verb,none
number,ቁጽሪ,(n) noun,noun,none
numerous,ብዙሓት,(a) adjective,adjective,none
oak,ኦክ,(n) noun,noun,none
oath,ማሕላ,(n) noun,noun,none
obedience,ተኣዛዝነት,(n) noun,noun,none
obedient,እዙዝ,(a) adjective,adjective,none
obey,ተኣዘዘ,(v) verb,verb,none
objection,ጥርዓን,(n) noun,noun,none
oblige,ኣገደደ,(v) verb,verb,none
observation,ትዕዝብቲ,(n) noun,noun,none
observe,ተዓዘበ,(v) verb,verb,none
obstacle,ዕንቅፋት,(n) noun,noun,none
occasion,ኣጋጣሚ,(n) noun,noun,none
occupy,ሓዘ,(v) verb,verb,none
ocean,ውቅያኖስ,(n) noun,noun,none
October,ጥቅምቲ,(n) noun,noun,none
odd,ዘይጽምዲ ቁጽሪ,(a) adjective,adjective,none
odour,ጨና,(n) noun,noun,none
"off, take","ነፈረ, ኣልገሰ",(v) verb,verb,none
"offence, v",ኣሕረቐ,(v) verb,verb,none
offend,ኣቐየመ,(v) verb,verb,none
offend against,ኣሕረቐ,(v) verb,verb,none
offer,ወፈየ,(v) verb,verb,none
officer,መኮነን,(n) noun,noun,none
official,ወግዓዊ,(a) adjective,adjective,none
often,መብዛሕእቱ ግዝ,(adv) adverb,adverb,none
oil,ዘይቲ,(n) noun,noun,none
old,"ኣረጊት,",(an) adjective noun,adjective,noun-derived
old age,እርጋን,(n) noun,noun,none
olive tree,ኣውሊዕ,(n) noun,noun,none
on top,ኣብ ልዕሊ,(adv) adverb,adverb,none
once again,እንደገና,(adv) adverb,adverb,none
one,ሓደ,(a) adjective,adjective,none
one time,ሓደ ግዜ,(adv) adverb,adverb,none
onion,ሽጉርቲ ቀይሕ,(n) noun,noun,none
only,በይኑ,(a) adjective,adjective,none
open,ከፋት,(a) adjective,adjective,none
open,ከፈተ,(v) verb,verb,none
opening,"ክፋት, ኣፍ",(n) noun,noun,none
openly,ብቕንዕና,(adv) adverb,adverb,none
opera,ኦፐራ,(n) noun,noun,none
operate,ጠብሐ,(v) verb,verb,none
operating room,ክፍሊ,(n) noun,noun,none
operation,መጥባሕቲ,(n) noun,noun,none
opinion,ርእይቶ,(n) noun,noun,none
opportunity,ኣጋጣሚ,(n) noun,noun,none
oppose,ተጻረረ,(v) verb,verb,none
opposite,ኣንጻር,(n) noun,noun,none
orange,ኣራንቺ,(a) adjective,adjective,none
orange juice,ጹማቕ አራንቺ,(n) noun,noun,none
orange tree,ገረብ ብርትኳን,(n) noun,noun,none
order,ትእዛዝ,(n) noun,noun,none
order,ኣዘዘ,(v) verb,verb,none
ordinarily,ልሙዳዊ,(adv) adverb,adverb,none
ordinary,ልሙድ,(a) adjective,adjective,none
organ,ኦርጋን,(n) noun,noun,none
organize,ኣዳለወ,(v) verb,verb,none
oriental,ምብራቃስ,(a) adjective,adjective,none
origin,መበቆል,(n) noun,noun,none
original,መበቆላዊ,(an) adjective noun,adjective,noun-derived
orphan,ዘኸታም,(n) noun,noun,none
ostrich,ሰገን,(n) noun,noun,none
otherwise,እንተዘይኮነ,(adv) adverb,adverb,none
ought,ይግባእ,(v) verb,verb,none
ours,(a prn) ናትና,(uncategorized) Uncategorized,uncategorized,none
out of tune,ቃና ዘይብሉ,(a) adjective,adjective,none
outside,(adv n) ወጻኢ,(uncategorized) Uncategorized,uncategorized,none
oval,ቅርጺ እንቋቒሖ,(a) adjective,adjective,none
oven,እቶን,(n) noun,noun,none
overcome,ሰዓረ,(v) verb,verb,none
owe,ተኣወደ,(v) verb,verb,none
owl,ጉንጓ,(n) noun,noun,none
own,ኣጥረየ,(v) verb,verb,none
owner,ወናኒ,(n) noun,noun,none
ownership,ዋንነት,(n) noun,noun,none
ox,ብዕራይ,(n) noun,noun,none
package,ጥቕላል ባኮ,(n) noun,noun,none
packing,መጠርነፊ,(n) noun,noun,none
page,ገጽ,(n) noun,noun,none
pail,ሳንኮሎ,(n) noun,noun,none
pain,ቃንዛ,(n) noun,noun,none
"pain, be in",ተሳቐየ,(v) verb,verb,none
painful,መቐንዘዊ,(a) adjective,adjective,none
paint,ሰኣለ,(v) verb,verb,none
painter,"ሰኣሊ, ለማጻይ",(n) noun,noun,none
painting,ስእሊ,(n) noun,noun,none
pair,ጽምዲ,(n) noun,noun,none
pal,መሓዛ,(n) noun,noun,none
palace,ኣዳራሽ,(n) noun,noun,none
pale,ጽምልው,(a) adjective,adjective,none
"pale,go",ጻዕደወ,(v) verb,verb,none
palm,ከብዲ ኢድ,(n) noun,noun,none
palm tree,ስየ,(n) noun,noun,none
pan,ድስቲ,(n) noun,noun,none
papaya,ፓፓዮ,(n) noun,noun,none
paper,ወረቐት,(n) noun,noun,none
parachute,ጃንጥላ,(n) noun,noun,none
paragraph,ዓንቀጽ,(n) noun,noun,none
parallel,ማዕረ ማዕረ,(a) adjective,adjective,none
pardon,ምሕረት,(n) noun,noun,none
parent,ወለዲ,(n) noun,noun,none
parish,ቤተ ጸሎት,(n) noun,noun,none
park,መናፈሻ ቦታ,(n) noun,noun,none
park,ጠጠ ኣበለ,(v) verb,verb,none
parking ticket,መቕጻዕቲ,(n) noun,noun,none
participate,ተሳተፈ,(v) verb,verb,none
particular,ፍሉይ,(a) adjective,adjective,none
particularly,ብፍላይ,(adv) adverb,adverb,none
partridge,ቆቕሕ,(n) noun,noun,none
pass,"ምሕላፍ, ሓለፈ",(v) verb,verb,none
pass on,ኣመሓላለፈ,(v) verb,verb,none
passage,መተሓላለፊ,(n) noun,noun,none
passed,ሓሊፈ,(a) adjective,adjective,none
passenger,"መንገደኛ, ገያሻይ",(an) adjective noun,adjective,noun-derived
passion,ተምሳጥ,(n) noun,noun,none
past,ሕሉፍ,(n) noun,noun,none
paste,ባስታ,(n) noun,noun,none
pastor,ቀሺ,(n) noun,noun,none
pastry,እንዳ ዶልሺ,(n) noun,noun,none
patch,ለገበ,(v) verb,verb,none
path,መሕለፊ,(n) noun,noun,none
patience,ትዕግስቲ,(n) noun,noun,none
patient,ዓቃል,(a) adjective,adjective,none
patient,ተሓካሚ,(n) noun,noun,none
pattern,ቅዲ,(n) noun,noun,none
pause,ጠጠው በለ,(v) verb,verb,none
pay,መሃያ,(n) noun,noun,none
pay,ከፈለ,(v) verb,verb,none
pea,ዓይኒ ዓተር,(n) noun,noun,none
peace,ሰላም,(n) noun,noun,none
peaceful,ሰላማዊ,(a) adjective,adjective,none
peach,ኩኽ,(n) noun,noun,none
peanuts,ፉል,(n) noun,noun,none
pearl,ሉል,(n) noun,noun,none
peas,ዓይኒ ዓተር,(n) noun,noun,none
peck,ወግአ,(v) verb,verb,none
pedestrian,ኣጋር,(n) noun,noun,none
peel,ቅላጥ,(n) noun,noun,none
peel,ቀለጠ,(v) verb,verb,none
pen,ፐሮ,(n) noun,noun,none
penal,ገበናዊ,(a) adjective,adjective,none
penalty,መቕጻዕቲ,(n) noun,noun,none
pencil,ርሳስ,(n) noun,noun,none
pencil box,እንዳ ርሳስ,(n) noun,noun,none
pendulum clock,ሰዓት,(n) noun,noun,none
penknife,ሰንጢ,(n) noun,noun,none
people,ህዝቢ,(n) noun,noun,none
pepper,ፐፐሮኒ,(n) noun,noun,none
perfect,ልክዕ,(a) adjective,adjective,none
perfection,ልክዕነት,(n) noun,noun,none
perfectly,ብጽፈት,(adv) adverb,adverb,none
perform,ተጻወተ ምዚቃ,(v) verb,verb,none
performance,ሙዚቃዊ ጸወታ,(n) noun,noun,none
period,እዋን,(n) noun,noun,none
permission,ፍቓድ,(n) noun,noun,none
permit,ኣፍቀደ,(v) verb,verb,none
persist,ጸንዐ,(v) verb,verb,none
person,ሰብ,(n) noun,noun,none
personal,ብሕታዊ,(a) adjective,adjective,none
personnel,ሰራሕተኛታት,(n) noun,noun,none
persuade,ኣእመነ,(v) verb,verb,none
petrol,በንዚን,(n) noun,noun,none
pharmacist,ፋርማሲያዊ,(n) noun,noun,none
pharmacy,ፋርማሲ,(n) noun,noun,none
photograph,ስእሊ,(n) noun,noun,none
photograph,ሰኣለ,(v) verb,verb,none
photographer,ሰኣሊ,(n) noun,noun,none
piano,ፒያኖ,(n) noun,noun,none
pick,ኣረየ,(v) verb,verb,none
pick up,ጠርነፈ,(v) verb,verb,none
pick axe,ኣፍራዛ,(n) noun,noun,none
picture,ስእሊ,(n) noun,noun,none
piece,ቁራጽ,(n) noun,noun,none
pig,ሓሰማ,(n) noun,noun,none
pig farm,መራብሒ ሓሰማ,(n) noun,noun,none
pigeon,ርግቢት,(n) noun,noun,none
piggy bank,ካሳ,(n) noun,noun,none
pill,ከኒና,(n) noun,noun,none
pillow,መተርኣስ,(n) noun,noun,none
pilot,መራሕ ነፋሪት,(n) noun,noun,none
pin,መርፍእ ወረቐት,(n) noun,noun,none
pipe,ቱቦ,(n) noun,noun,none
pit,ጉድጓድ,(n) noun,noun,none
pity,ድንጋጸ,(n) noun,noun,none
place,ቦታ,(n) noun,noun,none
place,ኣንበረ,(v) verb,verb,none
plain,ጎልጉል,(n) noun,noun,none
plan,መደብ,(n) noun,noun,none
plant,ተኽሊ,(n) noun,noun,none
plant,ተኸለ,(v) verb,verb,none
plate,ሸሓኒ,(n) noun,noun,none
platform,መድረክ,(n) noun,noun,none
play,ጸወታ,(n) noun,noun,none
play,ጻውቲ,(v) verb,verb,none
player,ተጻዋቲት,(nf) noun feminine,noun,feminine
player,ተጻዋቲ,(nm) noun masculine,noun,masculine
plead,ተማሕጸነ,(v) verb,verb,none
please,ብኽብረትኩም,(adv) adverb,adverb,none
pleasure,ደስታ,(n) noun,noun,none
plug,መኽደኒ,(n) noun,noun,none
plumber,ሰራሕ ቱቦ ማይ,(n) noun,noun,none
pocket,ጁባ,(n) noun,noun,none
poem,ግጥሚ,(n) noun,noun,none
point,"ጫፍ, ነጥቢ",(n) noun,noun,none
point out,ኣርኣየ,(v) verb,verb,none
poison,ስሚ,(n) noun,noun,none
poisonous,መርዛም,(a) adjective,adjective,none
police,ፖሊስ,(n) noun,noun,none
polish,ወልወለ,(v) verb,verb,none
polite,ልዙብ,(a) adjective,adjective,none
politeness,ትሕትና,(n) noun,noun,none
political,ፖለቲካዊ,(a) adjective,adjective,none
politician,ፖለቲክ,(n) noun,noun,none
pomp,ፖምፓ,(n) noun,noun,none
pool,ንእሽቶ ቀላይ,(n) noun,noun,none
poor,"ድኻ, ነዳይ",(a) adjective,adjective,none
pope,ጳጳስ,(n) noun,noun,none
popular,ፖፕላር,(n) noun,noun,none
population,ህዝቢ,(n) noun,noun,none
port,ወደብ,(n) noun,noun,none
porter,ረፋዕ,(n) noun,noun,none
portfolio,እንዳ ገንዘብ,(n) noun,noun,none
portrait,ስእሊ,(n) noun,noun,none
position,ኣቀማምጣ,(n) noun,noun,none
possess,ወነነ,(v) verb,verb,none
possession,ዋንነት,(n) noun,noun,none
possible,ዝከኣል,(a) adjective,adjective,none
possible,ተኽእሎ,(n) noun,noun,none
post card,ካርቶሊና,(n) noun,noun,none
post office,ቦስጣ ቤት,(n) noun,noun,none
postal,ብቦስጣ,(a) adjective,adjective,none
poster,ፖስተር,(n) noun,noun,none
pot,ጻሕሊ,(n) noun,noun,none
potato,ድንሽ,(n) noun,noun,none
pound,ፍርቂ ኪሎ,(n) noun,noun,none
pour,ከዓወ,(v) verb,verb,none
pour out,ቐድሐ,(v) verb,verb,none
poverty,ድኽነት,(n) noun,noun,none
powder,ባሩድ,(n) noun,noun,none
power,ሓይሊ,(n) noun,noun,none
powerful,ሓያል,(a) adjective,adjective,none
practical,ግብራዊ,(a) adjective,adjective,none
practice,ልምምድ,(n) noun,noun,none
practise,ተላመደ,(v) verb,verb,none
praise,ናእዳ,(n) noun,noun,none
pray to,ጸሌየ,(v) verb,verb,none
prayer,ጸሉት,(n) noun,noun,none
preach,ሰበኸ,(v) verb,verb,none
precaution,ጥንቃቐ,(n) noun,noun,none
precise,ልክዕ,(a) adjective,adjective,none
precisely,ብግቡእ,(adv) adverb,adverb,none
prefer,መረጸ,(v) verb,verb,none
preference,ምርጫ,(n) noun,noun,none
preparation,ቅርርብ,(n) noun,noun,none
prepare,ቀረበ,(v) verb,verb,none
prescribe,ኣዘዘ,(v) verb,verb,none
presence,ህላዌ,(n) noun,noun,none
present,ህሉው,(a) adjective,adjective,none
president,ኣቦ መንበር,(n) noun,noun,none
press,ማዕከን ወረ,(n) noun,noun,none
press,ጸቐጠ,(v) verb,verb,none
press release,ጋዜጣዊ መግለጺ,(n) noun,noun,none
pretty,ጽቡቕ,(a) adjective,adjective,none
prevent,ዓገተ,(v) verb,verb,none
previous,"ዝሓለፈ, (n adv) ድሮ",(a) adjective,adjective,none
prey,ተሃዳኒ,(n) noun,noun,none
price,ዋጋ,(n) noun,noun,none
prick,ወግአ,(v) verb,verb,none
prickle,እሾኽ,(n) noun,noun,none
prickly,ኣሻኹ,(a) adjective,adjective,none
pride,ሓበን,(n) noun,noun,none
priest,ቀሺ,(n) noun,noun,none
primary,መባእታዊ,(a) adjective,adjective,none
prince,ወዲ ንጉስ,(n) noun,noun,none
princess,ጓል ንጉስ,(n) noun,noun,none
principal,ቀንዲ,(a) adjective,adjective,none
principal,"ዳይረክቶር, አማሓዳሪ",(n) noun,noun,none
principle,መትከል,(n) noun,noun,none
print,ቅርጺ,(n) noun,noun,none
print,ሓተመ,(v) verb,verb,none
prison,ቤተ ማሕቡስ,(n) noun,noun,none
prisoner,ሕቡስ,(n) noun,noun,none
privilege,መሰል,(n) noun,noun,none
probable,ምናልባት,(a) adjective,adjective,none
problem,ግድል,(n) noun,noun,none
proceed,ንቕድሚት ኣምረሐ,(v) verb,verb,none
proclaim,ኣወጀ,(v) verb,verb,none
produce,ርባሕ,(an) adjective noun,adjective,noun-derived
produce,ኣፍረየ,(v) verb,verb,none
profession,ሞያ,(n) noun,noun,none
professional,ሞያዊ,(a) adjective,adjective,none
professor,ፕሮፈሰር,(n) noun,noun,none
profit,መኽሰብ,(n) noun,noun,none
profitable,ረብሓ ዘለዎ,(a) adjective,adjective,none
program,መደብ,(n) noun,noun,none
progress,ምዕባለ,(n) noun,noun,none
prohibit,ኣገደ,(v) verb,verb,none
promise,መብጽዓ,(n) noun,noun,none
promise,ተመባጸዐ,(v) verb,verb,none
pronounce,ኣድመጸ,(v) verb,verb,none
proof,መረጋገጺ,(n) noun,noun,none
property,ዋንነት,(n) noun,noun,none
prophet,ነቢይ,(n) noun,noun,none
prosecution,ክሲ,(n) noun,noun,none
protect,ተኸላኸ,(v) verb,verb,none
protest,ተቓወመ,(v) verb,verb,none
protestant,ከኒሻ,(an) adjective noun,adjective,noun-derived
proud,ኩሩዕ,(a) adjective,adjective,none
proudly,ብኹርዓት,(adv) adverb,adverb,none
prove,ኣእመነ,(v) verb,verb,none
provide,ኣምጸአ,(v) verb,verb,none
provinces,ኣውራጃ,(n) noun,noun,none
provoke,ኣስዓበ,(v) verb,verb,none
public,ህዝባዊ,(a) adjective,adjective,none
public,ህዝቢ,(n) noun,noun,none
pull,ሰሓበ,(v) verb,verb,none
pumpkin,ዱባ,(n) noun,noun,none
punish,"ቀጽዐ, ኣተኻኸለ",(v) verb,verb,none
pupil,መርዓት ዓይኒ,(n) noun,noun,none
purchaser,ዓዳጊ,(n) noun,noun,none
pure,ጽሩይ,(a) adjective,adjective,none
purr,ሩር በለ,(v) verb,verb,none
pursuit,ክሲ,(n) noun,noun,none
push,ደፍአ,(v) verb,verb,none
push aside,ፈላለየ,(v) verb,verb,none
put,ኣቐመጠ,(v) verb,verb,none
put into words,ገለጸ,(v) verb,verb,none
put out,ኣጥፈአ,(v) verb,verb,none
put out of shape,ኣትሞመ,(v) verb,verb,none
put right,ኣተኻኸለ,(v) verb,verb,none
put up,ክብ ኣበለ,(v) verb,verb,none
quality,ብቕዓት,(n) noun,noun,none
quarter,ርብዒ,(n) noun,noun,none
question,ሕቶ,(n) noun,noun,none
quick,ቅልጡፍ,(a) adjective,adjective,none
quickly,ብቑልጡፍ,(adv) adverb,adverb,none
quickness,ቅልጣፈ,(n) noun,noun,none
quiet,"(n) ህድኣት,  ህዱእ",(a) adjective,adjective,none
quiet down,ኣህደአ,(v) verb,verb,none
quietly,ብህድኣት,(adv) adverb,adverb,none
quietness,ህዱእ,(a) adjective,adjective,none
quiver,ኣንፈጥፈጠ,(v) verb,verb,none
rabbit,ማንቲለ,(n) noun,noun,none
rabbit hutch,ገዛ ማንቲለ,(n) noun,noun,none
race,ቅድድም,(n) noun,noun,none
radiator,መሞቒ,(n) noun,noun,none
radio,ራዲዮ,(n) noun,noun,none
rag,ጨርቂ,(n) noun,noun,none
rage,ቁጠዓ,(n) noun,noun,none
rail,መደንደል,(n) noun,noun,none
rain,ዝናብ,(n) noun,noun,none
rain,ዘነበ,(v) verb,verb,none
rainbow,ቀስተ ደመና,(n) noun,noun,none
raise,ኣልዓለ,(v) verb,verb,none
raisins,ዘቢብ,(n) noun,noun,none
rake,ሓግሓገ,(v) verb,verb,none
ranch,ምርባሕ እንስሳ,(n) noun,noun,none
rapid,ቅልጡፍ,(a) adjective,adjective,none
rare,(adv a) ሳሓቲ,(uncategorized) Uncategorized,uncategorized,none
rat,ኣንጭዋ,(n) noun,noun,none
rate,ቀረጽ,(n) noun,noun,none
reach,በጽሐ,(v) verb,verb,none
read,ነበበ,(v) verb,verb,none
read again,እንደገና ኣንበበ,(v) verb,verb,none
reader,ኣንባቢት,(nf) noun feminine,noun,feminine
reader,ኣንባቢ,(nm) noun masculine,noun,masculine
reading,ንባብ,(n) noun,noun,none
real,ሓቂ,(a) adjective,adjective,none
reality,ክውንነት,(n) noun,noun,none
reap,እኽሊ ኣኸበ,(v) verb,verb,none
reason,ምኽንያት,(n) noun,noun,none
receipt,ቅብሊት,(n) noun,noun,none
receive,ተቐበለ,(v) verb,verb,none
recent,ቀረባ እዋን,(a) adjective,adjective,none
recently,ኣብዚ ቀረባ እዋን,(adv) adverb,adverb,none
reception,መቐበል ጋሻ,(n) noun,noun,none
recess,ዕረፍቲ,(n) noun,noun,none
recognize,ኣለለየ,(v) verb,verb,none
recover,እንደና ረኸበ,(v) verb,verb,none
recovery,ምሕዋይ,(n) noun,noun,none
rectangle,ርቡዕ ኩርናዕ,(n) noun,noun,none
red,ቀይሕ,(a) adjective,adjective,none
red chilli pepper,በርበረ,(n) noun,noun,none
reduce,ነከየ,(v) verb,verb,none
referee,መንጎኛ,(n) noun,noun,none
reflection,ነጸብራቕ,(n) noun,noun,none
reform,ጸገነ,(v) verb,verb,none
refuse,ኣብየ,(v) verb,verb,none
regain,እንደና ረኸበ,(v) verb,verb,none
region,ከባቢ,(n) noun,noun,none
regret,ጣዕሳ,(n) noun,noun,none
regulation,ስምምዕ,(n) noun,noun,none
rehearsal,ድግማ,(n) noun,noun,none
reject,ነጸገ,(v) verb,verb,none
rejoin,ኣርከበ,(v) verb,verb,none
relative,ዘመድ,(n) noun,noun,none
relaxation,ዕረፍቲ,(n) noun,noun,none
release,ፈተሐ,(v) verb,verb,none
reliable,ርግጸኛ,(a) adjective,adjective,none
reliance,እምነት,(n) noun,noun,none
relief,ምፍጓስ,(n) noun,noun,none
religion,ሃይማኖት,(n) noun,noun,none
religious,ሃይማኖታዊ,(a) adjective,adjective,none
remain,ተረፈ,(v) verb,verb,none
remark,ብህሊት,(n) noun,noun,none
remedy,መድሃኒት,(n) noun,noun,none
remember,ዘከረ,(v) verb,verb,none
remind,ኣዘከረ,(v) verb,verb,none
remorse,ጣዕሳ,(n) noun,noun,none
remove,ኣልገሰ,(v) verb,verb,none
renew,ኣሐደሰ,(v) verb,verb,none
rent,ክራይ,(n) noun,noun,none
rent,ኣካረየ,(v) verb,verb,none
repair,ኣዐረየ,(v) verb,verb,none
repeat,ደገመ,(v) verb,verb,none
replace,ተክአ,(v) verb,verb,none
reply,"መለሰ, ምላሽ ሃበ",(v) verb,verb,none
represent,ወከለ,(v) verb,verb,none
representative,ወኪል,(n) noun,noun,none
reptile,ለማሚ,(n) noun,noun,none
republic,ሩፑብሊክ,(n) noun,noun,none
request,(vn) ጠለበ,(uncategorized) Uncategorized,uncategorized,none
require,ኣድለየ,(v) verb,verb,none
rescue,ኣድሓነ,(v) verb,verb,none
rescuer,መድሓኒ,(n) noun,noun,none
reserve,ቅሙጥ,(n) noun,noun,none
residence,ትቕመጠሉ ቦታ,(n) noun,noun,none
resist,ተቓወመ,(v) verb,verb,none
resistance,ተቓዉሞ,(n) noun,noun,none
resolution,ውሳኔ,(n) noun,noun,none
resolve,ፈተሐ,(v) verb,verb,none
resources,ሃብቲ,(n) noun,noun,none
respect,ክብረት,(n) noun,noun,none
respect,ኣኸበረ,(v) verb,verb,none
respectful,ኣኽባሪ,(a) adjective,adjective,none
responsibility,ሓላፍነት,(n) noun,noun,none
rest,ዕረፍቲ,(n) noun,noun,none
rest,ኣዕረፈ,(v) verb,verb,none
restart,እንደገና ጀመረ,(v) verb,verb,none
restaurant,ቤተ ብልዒ,(n) noun,noun,none
result,ውጽኢት,(n) noun,noun,none
retirement,ጥሮታ,(n) noun,noun,none
return,እንደገና መጸ,(v) verb,verb,none
return ticket,ቲከት መምለሲ,(n) noun,noun,none
reunion,ኣኼባ,(n) noun,noun,none
reveal,ቀልዕ,(v) verb,verb,none
revenge,ሕነ,(n) noun,noun,none
reverse,ግምጥልሽ,(n) noun,noun,none
review,ደገመ,(v) verb,verb,none
revolution,ሰዉራ,(n) noun,noun,none
reward,ጻማ,(n) noun,noun,none
rhythm,ረምታ,(n) noun,noun,none
ribs,መሰናግለ,(n) noun,noun,none
rice,ሩዝ,(n) noun,noun,none
rich,ሃብታም,(a) adjective,adjective,none
"rid of, get",ወገደ,(v) verb,verb,none
ride,ተወጥሐ,(v) verb,verb,none
rifle,ጠበንጃ,(n) noun,noun,none
right,ቅኑዕ,(a) adjective,adjective,none
right to vote,መሰል ድምጺ,(n) noun,noun,none
rightly,ብግቡእ,(adv) adverb,adverb,none
ring,ደወለ,(v) verb,verb,none
rip up,ቀደደ,(v) verb,verb,none
rise,እንደገና ተንሰአ,(v) verb,verb,none
risky,ሓደጋ,(n) noun,noun,none
river,ዋሕዚ,(n) noun,noun,none
road,መንገዲ,(n) noun,noun,none
roast,ጥቡስ ስጋ,(n) noun,noun,none
rob,ዘመተ,(v) verb,verb,none
robbery,ስርቂ,(n) noun,noun,none
rock,ከውሒ,(n) noun,noun,none
rocky,ከውሓዊ,(a) adjective,adjective,none
roof,ናሕሲ,(n) noun,noun,none
room,ክፍሊ,(n) noun,noun,none
roomy,ሰፊሕ,(a) adjective,adjective,none
rooster,ደርሆ,(n) noun,noun,none
root,ሱር,(n) noun,noun,none
rope,ገመድ,(n) noun,noun,none
rose,ጽጌረዳ,(n) noun,noun,none
rose bush,ገረበ ጽግረዳ,(n) noun,noun,none
rosemary,ሮዝመሪ,(n) noun,noun,none
rot,መሽመሸ,(v) verb,verb,none
rough,ሓርፋፍ,(a) adjective,adjective,none
round,ከቢብ,(a) adjective,adjective,none
round,ክቢ,(n) noun,noun,none
round,ኣኽበበ,(v) verb,verb,none
route,መንገዲ,(n) noun,noun,none
royal,ንጉሳዊ,(a) adjective,adjective,none
rub,ፋሕፈሐ,(v) verb,verb,none
ruin,ዕንወት,(n) noun,noun,none
rule,ስርዓት,(n) noun,noun,none
ruler,መስመር,(n) noun,noun,none
run,ጎየየ,(v) verb,verb,none
runner,ጎያዩ,(n) noun,noun,none
rural,ገጠራዊ,(a) adjective,adjective,none
rural area,ሃገረሰብ,(n) noun,noun,none
rush,ቀልጠፈ,(v) verb,verb,none
rush,ተሃወኸ,(v) verb,verb,none
rusty,መራት,(a) adjective,adjective,none
sack,ሳንጣ,(n) noun,noun,none
sacrament,ቁርባን,(n) noun,noun,none
sacrifice,መስዋእቲ,(n) noun,noun,none
sacrifice,ተሰወአ,(v) verb,verb,none
sad,ጉሁይ,(a) adjective,adjective,none
sadness,ጓሂ,(n) noun,noun,none
safe,ድሕንነት,(a) adjective,adjective,none
sailing ship,ጋንጽላ መንርከብ,(n) noun,noun,none
sailor,ባሕረኛ,(n) noun,noun,none
saint,ጻድቕ,(n) noun,noun,none
salad,ሳላጣ,(n) noun,noun,none
salary,መሃያ,(n) noun,noun,none
saliva,ጥፍጣፍ,(n) noun,noun,none
salt,ጨዉ,(n) noun,noun,none
sample,መርኣያ,(n) noun,noun,none
sand,ሑጻ,(n) noun,noun,none
satisfy,ኣዐገበ,(v) verb,verb,none
Saturday,ቀዳም,(n) noun,noun,none
save,ኣድሓነ,(v) verb,verb,none
save up,ቆጠበ,(v) verb,verb,none
saving,ውህላለ ገንዘብ,(n) noun,noun,none
saviour,መድሓኒ,(n) noun,noun,none
saw off,ሓርሓረ,(v) verb,verb,none
say,በለ,(v) verb,verb,none
say again,ደገመ,(v) verb,verb,none
scarf,ሻርባ,(n) noun,noun,none
scent,ጨና,(n) noun,noun,none
schedule,ዓውደ ኣዋርሕ,(n) noun,noun,none
school,ቤተ ትምህርቲ,(n) noun,noun,none
school teacher,መም ህር,(n) noun,noun,none
schoolboy,ተማሃራይ,(n) noun,noun,none
schoolgirl,ተማሃሪት,(n) noun,noun,none
science,ሳየንስ,(n) noun,noun,none
science,ኣስተዋጽኦ ፍልጠት,(n) noun,noun,none
scissors,መቐስ,(n) noun,noun,none
score,ነጥቢ,(v) verb,verb,none
scrape,ሓኸኸ,(v) verb,verb,none
scratch,ሓንፈጠ,(v) verb,verb,none
screen,ዓለባ ምርኢት,(n) noun,noun,none
screwdriver,ዘዋር መስኒ,(n) noun,noun,none
script,ጽሕፈት,(n) noun,noun,none
sculpture,ቅርጺ,(n) noun,noun,none
sea,ባሕሪ,(n) noun,noun,none
seal,ማሕተም,(n) noun,noun,none
seam,ስፍየት ክዳን,(n) noun,noun,none
search,ምድላይ,(n) noun,noun,none
search,ደለየ,(v) verb,verb,none
season,ክፍለ ዓመት,(n) noun,noun,none
seat,ኮፍ መበሊ,(n) noun,noun,none
seat,ኣንበረ,(v) verb,verb,none
second grade,ካልኣይ ክፍሊ,(n) noun,noun,none
secondary,ካልኣዊ,(a) adjective,adjective,none
secondary school,ካልኣይ,(n) noun,noun,none
secret,ምስጢር,(a) adjective,adjective,none
secretary,ጸሐፊ,(n) noun,noun,none
secretary,"ጸሓፋይ, ጸሓፊት",(n) noun,noun,none
section,ክፍሊ,(n) noun,noun,none
security,ውሕስነት,(n) noun,noun,none
see,ረኣየ,(v) verb,verb,none
seed,ፍረ,(n) noun,noun,none
seem,መሰለ,(v) verb,verb,none
select,መረጸ,(v) verb,verb,none
selection,ምርጫ,(n) noun,noun,none
self confidence,መተኣማመኒ,(n) noun,noun,none
self control,ርግኣት,(n) noun,noun,none
sell,ሸየጠ,(v) verb,verb,none
seller,ሸያጣይ,(n) noun,noun,none
seller,ሸያጢት,(nf) noun feminine,noun,feminine
send,ስደደ,(v) verb,verb,none
send to sleep,ኣደቀሰ,(v) verb,verb,none
sender,ሰዳዳይ,(n) noun,noun,none
senior,ሽማግለ,(an) adjective noun,adjective,noun-derived
sensational,ኣድናቒ,(a) adjective,adjective,none
sensitive,ተነካኢ,(a) adjective,adjective,none
separate,ፈለየ,(v) verb,verb,none
separation,ምፍልላይ,(n) noun,noun,none
September,መስከረም,(n) noun,noun,none
serenity,ርግኣት,(n) noun,noun,none
sergeant,ሰርገንቲ,(n) noun,noun,none
seriously,ብጥንቃቐ,(adv) adverb,adverb,none
servant,"ኣገልጋሊት, ከዳሚት",(nf) noun feminine,noun,feminine
servant,ኣገልጋሊ,(nm) noun masculine,noun,masculine
serve,ኣገልገለ,(v) verb,verb,none
service,ጽቡቕ ግብሪ,(n) noun,noun,none
set,ኣቐመጠ,(v) verb,verb,none
set right,ኣቕነዐ,(v) verb,verb,none
set up,"ኣትከለ, ሰርዐ",(v) verb,verb,none
set up again,ኣቕነዐ,(v) verb,verb,none
settle,ተቖጻጸረ,(v) verb,verb,none
settle down,ኣትከለ,(v) verb,verb,none
seven,ሸውዓተ,(a) adjective,adjective,none
seventeen,ዓሰርተ ሸውዓተ,(an) adjective noun,adjective,noun-derived
seventh grade,ሻቡዓይ ክፍሊ,(n) noun,noun,none
seventy,ሰብዓ,(an) adjective noun,adjective,noun-derived
several,ሓያሎ,(a) adjective,adjective,none
severity,ጽኑዕ ምክትታል,(n) noun,noun,none
sew,ሰፈየ,(v) verb,verb,none
sewing,ስፍየት ክዳን,(n) noun,noun,none
shade,ጽላሎት,(n) noun,noun,none
shadow,ጽላሎት,(n) noun,noun,none
shake,ነቕነቐ,(v) verb,verb,none
shame,ሕፍረት,(v) verb,verb,none
shameful,ዘሕፍር,(a) adjective,adjective,none
shape,ቅርጺ,(n) noun,noun,none
share,መቐለ,(v) verb,verb,none
sharp,ቅጢን ድምጺ,(n) noun,noun,none
sharpen,ከምከመ,(v) verb,verb,none
shatter,ሰበረ,(v) verb,verb,none
shave,ላጸየ,(v) verb,verb,none
she,ንሳ,(prn) pronoun,pronoun,none
sheep,በጊዕ,(n) noun,noun,none
sheep pen,እንዳ ኣባጊዕ,(n) noun,noun,none
sheet,ኣንሶላ,(n) noun,noun,none
sheet paper,ፎልዮ,(n) noun,noun,none
shelter,ዓቀበ,(v) verb,verb,none
"shelter, take",ተዓቖበ,(v) verb,verb,none
shepherd,ጓሳ,(n) noun,noun,none
shine,ኣንጸባረቐ,(v) verb,verb,none
shining bright,ኣንጸባረቒ,(a) adjective,adjective,none
ship,መርከብ,(n) noun,noun,none
shipper,ሰዳዳይ,(n) noun,noun,none
shirt,ካሚሻ,(n) noun,noun,none
shiver,ምንቅጥቃጥ,(n) noun,noun,none
shiver,ኣንቀጥቀጠ,(v) verb,verb,none
shoe,ሳእኒ,(n) noun,noun,none
shoemaker,ሰራሕ ሳእኒ,(n) noun,noun,none
"shoes, put on",ሳእኒ ለበሰ,(v) verb,verb,none
shoot,ተኰሰ,(v) verb,verb,none
shore,ደንደስ,(n) noun,noun,none
short,ሓጺር,(a) adjective,adjective,none
short story,ወረ,(n) noun,noun,none
shortage,ጉዳል,(n) noun,noun,none
shorten,ኣሕጸረ,(v) verb,verb,none
shoulder,መንኩብ,(n) noun,noun,none
shovel,ባዶላ,(n) noun,noun,none
show,ኣርኣየ,(v) verb,verb,none
shower,"ዝናብ, ዝናብ መሕጸቢ",(n) noun,noun,none
shudder,ኣንፈጥፈጠ,(v) verb,verb,none
shut,ዕጽዉ,(a) adjective,adjective,none
shut,ዓጸወ,(v) verb,verb,none
shutter,መጋረጀ,(n) noun,noun,none
shy,ሓፋር,(a) adjective,adjective,none
sick,ሕሙም,(n) noun,noun,none
sidewalk,መንገዲ ኣጋር,(n) noun,noun,none
sigh,ኡፍ በለ,(v) verb,verb,none
sight,ርእየት,(n) noun,noun,none
sign,ምልክት,(n) noun,noun,none
signal,ምልክት,(n) noun,noun,none
signature,ክታም,(n) noun,noun,none
silence,ጸጥታ,(n) noun,noun,none
silent,ጸጥተኛ,(a) adjective,adjective,none
silver,ብሩር,(n) noun,noun,none
silvery,ብሩር ዝተቀብአ,(a) adjective,adjective,none
similar,ዝመስሰል,(a) adjective,adjective,none
similar,(adv a) ከም,(uncategorized) Uncategorized,uncategorized,none
simple,ቀሊል,(a) adjective,adjective,none
simplify,ኣቃለለ,(v) verb,verb,none
simply,ብቐሊል,(adv) adverb,adverb,none
sin,ሓጥያት,(n) noun,noun,none
sincerely,ብቕንዕና,(adv) adverb,adverb,none
sincerity,ቅንዕና,(n) noun,noun,none
sing,ደረፈ,(v) verb,verb,none
singer,ደራፊት,(nf) noun feminine,noun,feminine
singer,ደራፊ,(nm) noun masculine,noun,masculine
single,ዘይምርዕዉ,(an) adjective noun,adjective,noun-derived
sinister,እከይ,(a) adjective,adjective,none
sink,ጠሓለ,(v) verb,verb,none
sinus,ስርኖ,(n) noun,noun,none
sister,ሓብቲ,(n) noun,noun,none
sit,ኮፍ,(v) verb,verb,none
sit down,ኮፍ በለ,(v) verb,verb,none
site,ቦታ,(n) noun,noun,none
situation,ኩነታት,(n) noun,noun,none
six,ሽዱሽተ,(a) adjective,adjective,none
six months,መንፈቕ,(n) noun,noun,none
sixteen,ዓሰርተ ሽዱሽተ,(an) adjective noun,adjective,noun-derived
sixth grade,ሻዱሻይ ክፍሊ,(n) noun,noun,none
sixty,ስሳ,(an) adjective noun,adjective,noun-derived
size,ዓቐን,(n) noun,noun,none
skate,ኣንሻተተ,(v) verb,verb,none
skeleton,ኣስካሮን,(n) noun,noun,none
sketch,ንድፊ,(n) noun,noun,none
skilful,ክኢላ,(a) adjective,adjective,none
skill,ክእለት,(n) noun,noun,none
skilled worker,ሰራሕተኛ,(n) noun,noun,none
skin,ቆርበት,(n) noun,noun,none
skirt,ጎና,(n) noun,noun,none
skull,ሽክና ርእሲ,(n) noun,noun,none
slain,ሓረደ,(v) verb,verb,none
slam,ገምታ,(n) noun,noun,none
slaughter,ሓረደ,(v) verb,verb,none
slave,ባርያ,(an) adjective noun,adjective,noun-derived
sleep,ድቃስ,(n) noun,noun,none
sleep,ደቀሰ,(v) verb,verb,none
slide,ኣንሻተተ,(v) verb,verb,none
slight,ፈኲስ,(a) adjective,adjective,none
slightly,ብቐሊሉ,(adv) adverb,adverb,none
slip,ኣንሻተተ,(v) verb,verb,none
slipper,ሸበጥ,(n) noun,noun,none
slippery,ሸትሕትሖ,(a) adjective,adjective,none
slope,"ቁልቁለት, ዓቐብ",(n) noun,noun,none
slowly,ብቐስ,(adv) adverb,adverb,none
slowness,ዝሕለት,(n) noun,noun,none
small,"ንእሽቶ, ንእሽተይ",(a) adjective,adjective,none
small finger,ሕንጢል,(n) noun,noun,none
small intestine,ማዓንጣ,(n) noun,noun,none
small toe,ሕንጢል ሕንጥሊቶ,(n) noun,noun,none
smart,ጎራሕ,(a) adjective,adjective,none
smell,ጨነወ,(v) verb,verb,none
smelting,ምሕቃቐ,(n) noun,noun,none
smile,ፍሽኽታ,(n) noun,noun,none
smile,ፍሽኸታ,(v) verb,verb,none
smoke,ትኪ,(n) noun,noun,none
smoke,ኣትከኸ,(v) verb,verb,none
smooth,ልሙጽ,(a) adjective,adjective,none
snack,ጠዓሞት,(n) noun,noun,none
snail,ኣረነ,(n) noun,noun,none
snake,ተመን,(n) noun,noun,none
so much,ብጣዕሚ,(adv) adverb,adverb,none
soak,ኣጥለለ,(v) verb,verb,none
soap,ሳሙና,(n) noun,noun,none
soccer,ኩእሶ እግሪ,(n) noun,noun,none
social,ማሕበራዊ,(a) adjective,adjective,none
society,ሕብረት ሰብ,(n) noun,noun,none
sock,ካልሲ,(n) noun,noun,none
soft,ልምሉም,(a) adjective,adjective,none
soil,ባይታ,(n) noun,noun,none
soldier,ወተሃደር,(n) noun,noun,none
sole of the foot,ከብዲ እግሪ,(n) noun,noun,none
solely,ጥራይ,(adv) adverb,adverb,none
solid,ድሩቕ,(a) adjective,adjective,none
solution,መፍትሒ,(n) noun,noun,none
solve,ፈተሐ,(v) verb,verb,none
something,ገለ ነገር,(adv) adverb,adverb,none
sometimes,ንሓንሳብ,(adv) adverb,adverb,none
son,ወዲ,(n) noun,noun,none
song,ደርፊ,(n) noun,noun,none
soon,ብቑልጡፍ,(adv) adverb,adverb,none
sore,ቁስሊ,(n) noun,noun,none
sorrow,ጸበባ,(n) noun,noun,none
sorry,ይቕረታ,(n) noun,noun,none
sort,ዓይነት,(n) noun,noun,none
sort,መመየ,(v) verb,verb,none
soul,ነፍሲ,(n) noun,noun,none
sound,ድምጺ,(n) noun,noun,none
soup,መረቕ,(n) noun,noun,none
south,ደቡብ,(n) noun,noun,none
southern,ደብባዊ,(a) adjective,adjective,none
space,ቦታ,(n) noun,noun,none
spade,ባዶላ,(n) noun,noun,none
spare,ቆጠበ,(v) verb,verb,none
spare time,ግዜ ዕረፍቲ,(n) noun,noun,none
"sparing with, be",ቆጠበ,(v) verb,verb,none
sparkle,ኣንጸባረቐ,(v) verb,verb,none
speak,ተዘረበ,(v) verb,verb,none
speaker,ተዛራባይ,(n) noun,noun,none
special,ፍሉይ,(a) adjective,adjective,none
spectator,ተዓዛቢ,(nm) noun masculine,noun,masculine
speech,ዘረባ,(n) noun,noun,none
speed,ቅልጣፈ,(n) noun,noun,none
spell,ጸሓፈ,(v) verb,verb,none
spend,ሓሸሸ,(v) verb,verb,none
spice,ቀመማት,(n) noun,noun,none
spider,ሳሬት,(n) noun,noun,none
spinach,"ሓምሊ, ስፐናቺ",(n) noun,noun,none
spine,ዓንዲ ሕቔ,(n) noun,noun,none
spirit,መንፈስ,(n) noun,noun,none
spit,ጡፍ በለ,(v) verb,verb,none
splendid,ግሩም,(an) adjective noun,adjective,noun-derived
split up,ነቶገ,(v) verb,verb,none
spoil,ኣባላሸወ,(v) verb,verb,none
spoon,ማንካ,(n) noun,noun,none
sport,ስፖርት,(n) noun,noun,none
spot,ንጣብ ርስሓት,(n) noun,noun,none
spot,ነጠበ,(v) verb,verb,none
spread,ነዝሐ,(v) verb,verb,none
square,ትርብዒት,(n) noun,noun,none
squeeze,ጸሞቐ,(v) verb,verb,none
squirrel,ምጹጽላይ,(n) noun,noun,none
stable,እንዳ ኣፍራስ,(n) noun,noun,none
stadium,እስታዲዩም,(n) noun,noun,none
staff,ሰራሕተኛታት,(n) noun,noun,none
stage,መድረክ,(n) noun,noun,none
stain,ንጣብ ርስሓት,(n) noun,noun,none
staircase,መደያይቦ,(n) noun,noun,none
stairs,መደያይቦ,(n) noun,noun,none
stalk,ጉንዲ,(n) noun,noun,none
stamp,ቲምብር,(n) noun,noun,none
stand,ደው,(v) verb,verb,none
stand up again,ቀንዐ,(v) verb,verb,none
standing,ጠጠው,(adv) adverb,adverb,none
stapler,ስተፕረ,(n) noun,noun,none
start,መጀመርታ,(n) noun,noun,none
start,ጀመረ,(v) verb,verb,none
state,መንግስቲ,(n) noun,noun,none
statement,ኣዋጅ,(n) noun,noun,none
station,መዕረፍ ባብር,(n) noun,noun,none
statue,ሓወልቲ,(n) noun,noun,none
stay,ጽንሒት,(n) noun,noun,none
stay away from,ቦኾረ,(v) verb,verb,none
steal,ሰረቐ,(v) verb,verb,none
steam,ሃፋ,(n) noun,noun,none
step,ስጉምቲ,(n) noun,noun,none
step back,ኣንሰሓበ,(v) verb,verb,none
step ladder,መሳልል,(n) noun,noun,none
stew lentils,ትምቲሞ,(n) noun,noun,none
stick,በትሪ,(n) noun,noun,none
stiff,ነቓጽ,(a) adjective,adjective,none
still,"ጌና, እንደገና",(adv) adverb,adverb,none
sting,መንከሲ,(n) noun,noun,none
sting,ነኸሰ,(v) verb,verb,none
stir,ዞረ,(v) verb,verb,none
stitch,ሰፈየ,(v) verb,verb,none
stock,ከዘነ,(v) verb,verb,none
Stomach,ከብዲ,(n) noun,noun,none
stone,እምኒ,(n) noun,noun,none
stool,መሳልል,(n) noun,noun,none
stop,ደው ኣበለ,(v) verb,verb,none
store,ድኳን,(n) noun,noun,none
storm,ማዕበል,(n) noun,noun,none
stormy,ማዕበላዊ,(a) adjective,adjective,none
story,ዛንታ,(n) noun,noun,none
stove,እቶን,(n) noun,noun,none
strange,ዘይፍሉጥ,(a) adjective,adjective,none
strap,ኣሰረ,(v) verb,verb,none
stream,ዛራ,(n) noun,noun,none
street,ጎደና,(n) noun,noun,none
stretch,መጠጠ,(v) verb,verb,none
strict,ጽኑዕ,(a) adjective,adjective,none
strictness,ጽኑዕ ምክትታል,(n) noun,noun,none
strike,ወቕዐ,(v) verb,verb,none
stroke,ጎንጺ,(n) noun,noun,none
stroll,መዛወሪ,(n) noun,noun,none
stroller,ተዛዋሪ,(n) noun,noun,none
strong,ሓያል,(a) adjective,adjective,none
struggle,ቃልሲ,(n) noun,noun,none
student,ተማሃሪት,(nf) noun feminine,noun,feminine
student,ተማሃራይ,(nm) noun masculine,noun,masculine
studio,ቤተ ዕዮ,(n) noun,noun,none
study,መጽናዕቲ,(n) noun,noun,none
study,ኣጽንዐ,(v) verb,verb,none
stupid,ደንቆሮ,(a) adjective,adjective,none
stupidity,ዕሽነት,(n) noun,noun,none
style,ኣገባብ,(n) noun,noun,none
subject,ዛዕባ,(n) noun,noun,none
subscriber,ምዝጉብ,(an) adjective noun,adjective,noun-derived
subtraction,ምጉዳል,(n) noun,noun,none
suburbs,ጎደቦ,(n) noun,noun,none
succeed,ተዓወተ,(v) verb,verb,none
success,ዓወት,(n) noun,noun,none
suck,መጸየ,(v) verb,verb,none
sudden,ሃንደበት,(n) noun,noun,none
suddenly,ብሃንደበት,(adv) adverb,adverb,none
suffer,ተሳቐየ,(v) verb,verb,none
suffering,ስቓይ,(n) noun,noun,none
sufficient,(a adv) እኹል,(uncategorized) Uncategorized,uncategorized,none
"sufficient, be",ኣኸለ,(v) verb,verb,none
sugar,ሽኮር,(n) noun,noun,none
suggest,ሓበረ,(v) verb,verb,none
suit,ክዳን,(n) noun,noun,none
suitcase,ባልጃ,(n) noun,noun,none
sum,ድምር,(n) noun,noun,none
summer,ሓጋይ,(n) noun,noun,none
summon to law,ኣጸወዐ,(v) verb,verb,none
sun blind,ገራድ ብርሃን,(n) noun,noun,none
Sunday,ሰንበት,(n) noun,noun,none
superintendent,ሓላው ርሻን,(n) noun,noun,none
superior,ብሉጽ,(a) adjective,adjective,none
supervise,ተዓዘበ,(v) verb,verb,none
supplies,ነገር ንዋት,(n) noun,noun,none
support,መደግፊ,(n) noun,noun,none
support,ደገፈ,(v) verb,verb,none
suppose,መሰሎ,(v) verb,verb,none
suppress,ኣጥፈአ,(v) verb,verb,none
suppression,ምጥፋእ,(n) noun,noun,none
supreme,ዝለዓለ,(a) adjective,adjective,none
sure,ርግጸኛ,(a) adjective,adjective,none
sureness,ርግጽነት,(n) noun,noun,none
surprise,ሃንደበት,(n) noun,noun,none
surprising,ሃንደበታዊ,(a) adjective,adjective,none
surrender,ኡዱ ሃበ,(v) verb,verb,none
surroundings,"ጥቓ, ኣከባቢ",(n) noun,noun,none
survive,ደሓነ,(v) verb,verb,none
suspect,ጠርጠረ,(v) verb,verb,none
suspicion,ጥርጥር,(n) noun,noun,none
swallow,ወሓጠ,(v) verb,verb,none
swamp,ዓዘቕቲ,(n) noun,noun,none
swamp,ኣጥለቕለቐ,(v) verb,verb,none
swan,ስዋን,(n) noun,noun,none
swarm,ዕስለ,(n) noun,noun,none
swear,መሓለ,(v) verb,verb,none
sweat,"ረሃጽ, ርሀጽ",(n) noun,noun,none
sweat,ረሃጸ,(v) verb,verb,none
sweet,ምቁር,(a) adjective,adjective,none
swim,ሓምበሰ,(v) verb,verb,none
swimming,ምሕምባስ,(n) noun,noun,none
swing,ሰለል,(n) noun,noun,none
switch,ለወጠ,(v) verb,verb,none
switch on,ወለዐ,(v) verb,verb,none
symbol,ምልክት,(n) noun,noun,none
sympathy,ድንጋጸ,(n) noun,noun,none
system,ቀጥዒ,(n) noun,noun,none
table,ጣውላ,(n) noun,noun,none
tablecloth,መኽደኒ ጣውላ,(n) noun,noun,none
tail,ጭራ,(n) noun,noun,none
take,ወሰደ,(v) verb,verb,none
take off one's hat,ጉልባብ,(v) verb,verb,none
tale,ጽንጽዋይ,(n) noun,noun,none
talent,ክእለት,(n) noun,noun,none
tall,ነዊሕ,(a) adjective,adjective,none
talk,ዘረባ,(n) noun,noun,none
talk,ተዛረበ,(v) verb,verb,none
talk to each other,ተመያየጠ,(v) verb,verb,none
talkative,ሃታፍ,(a) adjective,adjective,none
tangled,ጽዑቕ,(a) adjective,adjective,none
tape,መጥመሪ,(n) noun,noun,none
tart,ዶልሺ ፍረታት,(n) noun,noun,none
taste,ጠዓመ,(v) verb,verb,none
tasteless,መቐረት ዘይብሉ,(a) adjective,adjective,none
tax,ግብሪ,(n) noun,noun,none
taxation,ግብሪ,(n) noun,noun,none
tea,ሻሂ,(n) noun,noun,none
teach,መሃረ,(v) verb,verb,none
teacher,"መምህር, ፕሮፈሰር",(n) noun,noun,none
team,ጋንታ,(n) noun,noun,none
tear,ንብዓት,(n) noun,noun,none
tear up,ቀደደ,(v) verb,verb,none
tears,ንብዓት,(n) noun,noun,none
tease,ሓጨጨ,(v) verb,verb,none
teeth,ስኒ,(n) noun,noun,none
teff,ጣፍ,(n) noun,noun,none
telephone,ተለፎን,(n) noun,noun,none
television,ተለቭጅን,(n) noun,noun,none
tell,ነገረ,(v) verb,verb,none
temperature,ሙቐት,(n) noun,noun,none
temple,ቤተ መቕደስ,(n) noun,noun,none
temporalis muscle,መታልሕ,(n) noun,noun,none
temporary,ግዚያዊ,(a) adjective,adjective,none
temptation,(nv) ፈተነ,(uncategorized) Uncategorized,uncategorized,none
ten,ዓሰርተ,(an) adjective noun,adjective,noun-derived
tenant,ተኻራይ,(n) noun,noun,none
tendon,ጂማት,(n) noun,noun,none
tent,ተንዳ,(n) noun,noun,none
tenth,ዓስራይ,(a) adjective,adjective,none
tenth grade,ዓሽራይ ክፍሊ,(n) noun,noun,none
terrible,ዘሰንብድ,(a) adjective,adjective,none
terrify,ኣፍረሐ,(v) verb,verb,none
territory,ግዝኣት,(n) noun,noun,none
test,ፈተና,(v) verb,verb,none
testify,መስከረ,(v) verb,verb,none
testimony,ምስክርነት,(n) noun,noun,none
thank,ኣመስገነ,(v) verb,verb,none
thank you,የቐንየለይ,(n) noun,noun,none
thankless,ዘየመስግን,(a) adjective,adjective,none
that,"እቲ, እቲኣቶም",(prn) pronoun,pronoun,none
thatched cottage,ኣጉዶ,(n) noun,noun,none
thaw,ምሕቃቐ,(n) noun,noun,none
theatre,ቲያትር,(n) noun,noun,none
theft,ስርቂ,(n) noun,noun,none
theirs,(f prn) ናተን,(uncategorized) Uncategorized,uncategorized,none
theirs,(m prn) ናቶም,(uncategorized) Uncategorized,uncategorized,none
then,ቀጺሉ,(adv) adverb,adverb,none
theory,ክልስ ሓሳብ,(n) noun,noun,none
there,ኣብቲ,(adv) adverb,adverb,none
thermometer,ተርሞመተር,(n) noun,noun,none
they,(f prn) ንሳተን,(uncategorized) Uncategorized,uncategorized,none
they,(m prn) ንሳቶም,(uncategorized) Uncategorized,uncategorized,none
thick,ድልዱል,(a) adjective,adjective,none
thieving,ሰራቒ,(a) adjective,adjective,none
thigh,ሰለፍ,(n) noun,noun,none
thin,"ረቂቕ, ቀጢን",(a) adjective,adjective,none
thing,ኣቕሓ,(n) noun,noun,none
think,ሓሰበ,(v) verb,verb,none
think up,ገመተ,(v) verb,verb,none
third,ሳልሳይ,(a) adjective,adjective,none
third,ሲሶ,(n) noun,noun,none
third grade,ሳልሳይ ክፍሊ,(n) noun,noun,none
thirst,ጽምኢ,(n) noun,noun,none
thirsty,ጽሙእ,(a) adjective,adjective,none
thirteen,ዓሰርተ ሰለስተ,(an) adjective noun,adjective,noun-derived
thirty,ሰላሳ,(a) adjective,adjective,none
thorn,እሾኽ,(n) noun,noun,none
thorny,ኣሻኹ,(a) adjective,adjective,none
thought,ሓሳብ,(n) noun,noun,none
thousand,(na) ሽሕ,(uncategorized) Uncategorized,uncategorized,none
thread,ፈትሊ,(n) noun,noun,none
threaten,ኣፈራርሀ,(v) verb,verb,none
three,ሰለስተ,(a) adjective,adjective,none
"thrilled, be",ኣንቀጥቀጠ,(v) verb,verb,none
throat,ጎሮሮ,(n) noun,noun,none
throw,ሰንደወ,(v) verb,verb,none
throw back,ነጸገ,(v) verb,verb,none
thunder,ነጎዳ,(n) noun,noun,none
thunder,ነጎደ,(v) verb,verb,none
Thursday,ሓሙስ,(n) noun,noun,none
ticket,ቲከት,(n) noun,noun,none
tidiness,ጽሬት,(n) noun,noun,none
tie,ጥማር,(n) noun,noun,none
tie,ኣሰረ,(v) verb,verb,none
tiger,ነብሪ,(n) noun,noun,none
tight,ጽቢብ,(a) adjective,adjective,none
tighten,ጸቐጠ,(v) verb,verb,none
tile,መኽደኒ ናሕሲ,(n) noun,noun,none
timber,ኦም,(n) noun,noun,none
time,"ግዜ, ሰዓት",(n) noun,noun,none
time allowed,ድንጓየ,(n) noun,noun,none
tiny,"ንእሽቶ, ንእሽተይ",(a) adjective,adjective,none
tip,ጫፍ,(n) noun,noun,none
tire,ጎማ,(n) noun,noun,none
tire,ኣድከመ,(v) verb,verb,none
tiredness,ድኹም,(a) adjective,adjective,none
tiredness,ድኻም,(n) noun,noun,none
title,ኣርእስቲ,(n) noun,noun,none
to try hard,ጸዓረ,(v) verb,verb,none
tobacco,ትንባኾ,(n) noun,noun,none
today,ሎሚ,(a) adjective,adjective,none
toe,ኣጻዕቲ እግሪ,(n) noun,noun,none
toe nail,ጽፍሪ እግሪ,(n) noun,noun,none
toes,አጻብዕቲ እግሪ,(n) noun,noun,none
toilet,መሕጸቢ ቤት,(n) noun,noun,none
tolerance,ጽሮት,(n) noun,noun,none
tomato,ኮሚደረ,(n) noun,noun,none
tomb,መቓብር,(n) noun,noun,none
tomorrow,ጽባሕ,(adv) adverb,adverb,none
ton,ቶን,(n) noun,noun,none
tone,ኣገባብ ኣዘራርባ,(n) noun,noun,none
tongue,መልሓስ,(n) noun,noun,none
tonsil,ዓንቐር,(n) noun,noun,none
too,ከምኡውን,(adv) adverb,adverb,none
too many,ብዘይመጠን,(adv) adverb,adverb,none
too much,ብዘይመጠን,(adv) adverb,adverb,none
tool,መተዓየዩ,(n) noun,noun,none
tooth paste,መሕጸብ ስኒ,(n) noun,noun,none
top,ጫፍ,(n) noun,noun,none
topic,ኣርእስቲ,(n) noun,noun,none
torment oneself,ተጨነቐ,(v) verb,verb,none
tortoise,ጎብየ,(n) noun,noun,none
total,ጠቕላላ,(n) noun,noun,none
touch,ትንካፈ,(n) noun,noun,none
touch,ተንከፈ,(v) verb,verb,none
"touched, be",ደንገጸ,(v) verb,verb,none
towel,ሽጎማኖ,(n) noun,noun,none
town,ከተማ,(n) noun,noun,none
town hall,መዘጋጃ ቤተ,(n) noun,noun,none
toy,መጻወቲ,(n) noun,noun,none
trace,ኣሰር,(n) noun,noun,none
tractor,ሓራሲት መኪና,(n) noun,noun,none
trade,ንግዲ,(n) noun,noun,none
trader,ነጋዳይ,(n) noun,noun,none
tradition,ልምዲ,(n) noun,noun,none
traditional,ልምዳዊ,(a) adjective,adjective,none
train,ባቡር,(n) noun,noun,none
train,ተዓለመ,(v) verb,verb,none
transcript,ቅዳሕ,(n) noun,noun,none
transfer,ቦታ ቀየረ,(v) verb,verb,none
transform,ቀየረ,(v) verb,verb,none
transformation,ምልዋጥ,(n) noun,noun,none
translate,ተርጎመ,(v) verb,verb,none
translation,ትርጉም,(n) noun,noun,none
transmit,ኣመሓላለፈ,(v) verb,verb,none
trap,መጻወድያ,(n) noun,noun,none
travel,ገሸ,(v) verb,verb,none
traveller,ገያሻይ,(n) noun,noun,none
tray,ጓንተራ,(n) noun,noun,none
treasurer,ተሓዝ ገንዘብ,(n) noun,noun,none
treat,ኣኣንገደ,(v) verb,verb,none
treatment,ሕክምና,(n) noun,noun,none
treaty,ውዕል,(n) noun,noun,none
tree,ገረብ,(n) noun,noun,none
tremble,ኣንቀጥቀጠ,(v) verb,verb,none
tremendous,ተኣምራታዊ,(a) adjective,adjective,none
trench,ጉድጓድ,(n) noun,noun,none
triangle,ስሉስ ኩርናዕ,(n) noun,noun,none
trip,ጉዕዞ,(n) noun,noun,none
tripe,ጨጎራ,(n) noun,noun,none
triple,ሰለስተ ዕጽፊ,(a) adjective,adjective,none
troop,ዓሳክር,(n) noun,noun,none
trouble,ሽግር,(n) noun,noun,none
trousers,ስረ,(n) noun,noun,none
truck,መኪና ጽዕነት,(n) noun,noun,none
true,ሓቂ,(a) adjective,adjective,none
trumpet,ጥሩምባ,(n) noun,noun,none
trunk,ሳንዱቕ,(n) noun,noun,none
trust,እምነት,(n) noun,noun,none
trust,ኣመነ,(v) verb,verb,none
truth,ሓቂ,(n) noun,noun,none
try,(nv) ፈተነ,(uncategorized) Uncategorized,uncategorized,none
Tuesday,ሰሉስ,(n) noun,noun,none
tuna,ቶኖ ዓሳ,(n) noun,noun,none
tune,ቃነየ,(v) verb,verb,none
tunnel,ገለርያ,(n) noun,noun,none
turkey,ታኪን,(n) noun,noun,none
turn,ተመልሰ,(v) verb,verb,none
turning,ኣንጎሎ,(n) noun,noun,none
turtle,ጎብየ,(n) noun,noun,none
twelfth grade,ዓሰርተ ክልተ,(n) noun,noun,none
twelve,ዓሰርተ ክልተ,(an) adjective noun,adjective,noun-derived
twenty,ዕስራ,(an) adjective noun,adjective,noun-derived
twilight,ጽልግልግ,(n) noun,noun,none
two,ክልተ,(an) adjective noun,adjective,noun-derived
ugly,ግናይ,(a) adjective,adjective,none
umbrella,ጽላል,(n) noun,noun,none
umpire,መንጎኛ,(n) noun,noun,none
uncle (father's side),ሓወቦ,(n) noun,noun,none
uncle (mother's side),ኣኮ,(n) noun,noun,none
uncommon,ፍሉይ,(a) adjective,adjective,none
underneath,ኣብ ትሕቲ,(adv) adverb,adverb,none
underpants,ሙታንታ,(n) noun,noun,none
understand,ተረድአ,(v) verb,verb,none
understood,ፍሉጥ,(a) adjective,adjective,none
undiluted,ጽሩይ,(a) adjective,adjective,none
undo,ፈተሐ,(v) verb,verb,none
uneven,ጎባጥ,(a) adjective,adjective,none
unexpected,ዘይተጸበኻዮ,(a) adjective,adjective,none
unfit,ዘይብቑዕ,(a) adjective,adjective,none
unfortunate,ቅርሱስ,(a) adjective,adjective,none
ungrateful,ዘየመስግን,(a) adjective,adjective,none
unhappy,ዘይሕጉስ,(a) adjective,adjective,none
union,ሕብረት,(n) noun,noun,none
unite,ኣከበ,(v) verb,verb,none
united,ሕቡራት,(n) noun,noun,none
unity,ሓድነት,(n) noun,noun,none
university,"ዩኒቨርስቲ, ላዕላይ",(n) noun,noun,none
unknown,ዘይፍሉጥ,(a) adjective,adjective,none
unload,ኣራገፈ,(v) verb,verb,none
unlucky,ቅርሱስ,(a) adjective,adjective,none
unmarried,ዘይምርዕዉ,(an) adjective noun,adjective,noun-derived
unpleasant,ዘየሐጉስ,(a) adjective,adjective,none
unroll,ዘርገሐ,(v) verb,verb,none
unstick,ነቐለ,(v) verb,verb,none
untie,ፈተሐ,(v) verb,verb,none
until,(adv prep) ክሳብ,(uncategorized) Uncategorized,uncategorized,none
unwind,ዘርገሐ,(v) verb,verb,none
unworthy,ዘይብቑዕ,(a) adjective,adjective,none
up to,(adv prep) ክሳብ,(uncategorized) Uncategorized,uncategorized,none
"up, get",ተንሰአ,(v) verb,verb,none
"up, give",ብፍቓዱ ገደፈ,(v) verb,verb,none
uphold,ዓቀበ,(v) verb,verb,none
upper arms muscles,ቅልጽም,(n) noun,noun,none
upset,ተጨነቐ,(v) verb,verb,none
urban,ከተማዊ,(a) adjective,adjective,none
urgent,ህጹጽ,(a) adjective,adjective,none
urine,"ሽንቲ, ችንቲ",(n) noun,noun,none
use,ተጠቐመ,(v) verb,verb,none
useful,ጠቓሚ,(a) adjective,adjective,none
uterus,ማሕጸን,(n) noun,noun,none
vaccine,ክታቤት,(n) noun,noun,none
value,ዋጋ,(n) noun,noun,none
vanish,ጠፍአ,(v) verb,verb,none
varnish,ቀብአ,(v) verb,verb,none
vegetable,ኣትክልታዊ,(n) noun,noun,none
vegetable stew,"ኣልጫ, ዝግኒ",(n) noun,noun,none
vein,ሰራዉር,(n) noun,noun,none
verdict,ፍርዲ,(n) noun,noun,none
verify,ኣጸረየ,(v) verb,verb,none
very much,ብጣዕሚ,(adv) adverb,adverb,none
veteran,ተጋዳላይ,(n) noun,noun,none
victim,ግዳይ,(n) noun,noun,none
victor,ዕዉት,(a) adjective,adjective,none
victory,ዓወት,(n) noun,noun,none
view,ርእየት,(n) noun,noun,none
village,ሃገረሰብ,(n) noun,noun,none
vinegar,ኣቸቶ,(n) noun,noun,none
violet,ሊላ,(a) adjective,adjective,none
virgin,ድንግል,(an) adjective noun,adjective,noun-derived
Virgin Mary,ድንግል ማርያም,(n) noun,noun,none
visible,ዝረአ,(a) adjective,adjective,none
visit,ምብጻቕ,(n) noun,noun,none
visit,በጽሐ,(v) verb,verb,none
visitor,በጻሒ,(n) noun,noun,none
voice,ድምጺ,(n) noun,noun,none
vote,ኣድመጸ,(v) verb,verb,none
vow,መሓለ,(v) verb,verb,none
vulture,ኣሞራ,(n) noun,noun,none
wage,መሃያ,(n) noun,noun,none
wagon,ባጎኒ,(n) noun,noun,none
wait,ተጸበየ,(v) verb,verb,none
waiter,ኣሰላፊ,(nm) noun masculine,noun,masculine
waiting room,ክፍሊ መጸበዩ,(n) noun,noun,none
waitress,ኣሰላፊት,(nf) noun feminine,noun,feminine
wake up,ተበራበረ,(v) verb,verb,none
walk,ዙረት,(n) noun,noun,none
walk,ተዛወረ,(v) verb,verb,none
walker,ተዛዋሪ,(n) noun,noun,none
wall,መንደቕ,(n) noun,noun,none
wanderer,ኮብላሊ,(n) noun,noun,none
wandering,ኩብለላ,(n) noun,noun,none
want,ደለየ,(v) verb,verb,none
war,ውግእ,(n) noun,noun,none
warm,ውዕውዕ,(a) adjective,adjective,none
warm,ኣውዓየ,(v) verb,verb,none
warmth,ዋዒ,(n) noun,noun,none
warn,ኣጠንቀቐ,(v) verb,verb,none
warning,መጠንቀቕታ,(n) noun,noun,none
was aware of,ፍሉጥ,(a) adjective,adjective,none
wash oneself,ተሓጸበ,(v) verb,verb,none
wasp,ዕኮት,(n) noun,noun,none
waste,ኣጥፈአ,(v) verb,verb,none
wastebasket,ዘንቢል,(n) noun,noun,none
watch,ሰዓት ኢድ,(n) noun,noun,none
watch,ጠመተ,(v) verb,verb,none
water,ማይ,(n) noun,noun,none
water melon,ብርጭቕ,(n) noun,noun,none
water spray,ንጽጎ ማይ,(n) noun,noun,none
water well,ዒላ,(n) noun,noun,none
wave,ማዕበል,(n) noun,noun,none
wax,ወልወለ,(v) verb,verb,none
way down,ቁልቁለት,(n) noun,noun,none
we,ንሕና,(prn) pronoun,pronoun,none
weak,ድኹም,(a) adjective,adjective,none
weaken,ኣድከመ,(v) verb,verb,none
weakness,ድኻም,(n) noun,noun,none
wealth,ሃብቲ,(n) noun,noun,none
wealthy,ሃብታም,(a) adjective,adjective,none
wear,ለበሰ,(v) verb,verb,none
weather,ንፋስ,(n) noun,noun,none
weave,ኣለመ,(v) verb,verb,none
wedding,መርዓ,(n) noun,noun,none
wedding ring,ካቲም,(n) noun,noun,none
Wednesday,ሮቡዕ,(n) noun,noun,none
weed,ሳዕሪ,(n) noun,noun,none
week,ሰሙን,(n) noun,noun,none
weekly,ሰሙናዊ,(a) adjective,adjective,none
weight,ሚዛን,(n) noun,noun,none
welcome,ደሓን መጸ,(a) adjective,adjective,none
"welcome, be",ደሓን ምጽ,(n) noun,noun,none
west,ምዕራብ,(an) adjective noun,adjective,noun-derived
western,ምዕራባዊ,(a) adjective,adjective,none
wet,ኣጥለለ,(v) verb,verb,none
whale,ዓሳ ኣንበሪ,(n) noun,noun,none
what,እንታይ,(prn) pronoun,pronoun,none
wheat,ስርናይ,(n) noun,noun,none
wheel,መንኮርኮር,(n) noun,noun,none
when,መኣስ,(adv) adverb,adverb,none
whip,ኩርማጅጅ,(n) noun,noun,none
whisper,ሕሹኽሹኽ,(n) noun,noun,none
whisper,ሕሹኽሹኽ በለ,(v) verb,verb,none
whistle,ፊጽፊጽ,(n) noun,noun,none
whistle,ፋጸየ,(v) verb,verb,none
white,ጻዕዳ,(a) adjective,adjective,none
why,ስለምንታይ,(adv) adverb,adverb,none
wicked,ሕሱም,(a) adjective,adjective,none
wide,ገፊሕ,(a) adjective,adjective,none
widely,ብብዚሒ,(adv) adverb,adverb,none
widen,ኣግፈሐ,(v) verb,verb,none
widow,"ሰብኣያ ዝሞታ, ሰበይቱ",(an) adjective noun,adjective,noun-derived
widowed,"ሰበይቱ ዝመተቶ,",(an) adjective noun,adjective,noun-derived
widower,"ሰበይቱ ዝመተቶ,",(an) adjective noun,adjective,noun-derived
width,ስፍሓት,(n) noun,noun,none
wife,ሰበይቲ,(n) noun,noun,none
wild beasts,ኣራዊት,(n) noun,noun,none
wild boar,መፍለስ,(n) noun,noun,none
will,ድሌት,(n) noun,noun,none
win,ዓወት,(n) noun,noun,none
win,ተዓወተ,(v) verb,verb,none
wind,ንፋስ,(n) noun,noun,none
window,መስኮት,(n) noun,noun,none
wine,ነቢት,(n) noun,noun,none
wine harvest,እርያ ወይኒ,(n) noun,noun,none
wing,መንፈርፈር,(n) noun,noun,none
winner,ዕዉት,(a) adjective,adjective,none
winter,ክረምቲ,(n) noun,noun,none
wintery,ናይ ክረምቲ,(a) adjective,adjective,none
wisdom,ልቦና,(n) noun,noun,none
wise,ለባም,(a) adjective,adjective,none
wish,ትምኒት,(n) noun,noun,none
wish for,ተተምነየ,(v) verb,verb,none
withdraw,ኣንሰሓበ,(v) verb,verb,none
witness,ምስክር,(n) noun,noun,none
wolf,ተኹላ,(n) noun,noun,none
woman,ሰበይቲ,(n) noun,noun,none
wonder,ተደነቐ,(v) verb,verb,none
wonderful,ዘደንቕ,(a) adjective,adjective,none
wood,ዕንጸይቲ,(n) noun,noun,none
woodcutter,ቆራጽ ዕንጸይቲ,(n) noun,noun,none
wool,ጡጥ,(n) noun,noun,none
word,ቃል,(n) noun,noun,none
work,ዕዮ,(n) noun,noun,none
workable,ስራሕ,(a) adjective,adjective,none
worker,ሸቃላይ,(n) noun,noun,none
workshop,ክፍሊ ስራሕ,(n) noun,noun,none
worm,ሓሰኻ,(n) noun,noun,none
worn,ልባስ,(a) adjective,adjective,none
worn out,ብላይ,(a) adjective,adjective,none
worried,ዝተሻቐለ,(a) adjective,adjective,none
worry,ሸቐልቀል,(n) noun,noun,none
worry,ተጨነቐ,(v) verb,verb,none
worse,ዝኸፍአ,(a) adjective,adjective,none
worship,እምነት,(n) noun,noun,none
worth,ዋጋ,(n) noun,noun,none
"worth, be",ክብሪ ዘለዎ,(v) verb,verb,none
wound,"ቁስሊ, መቑሰልቲ",(n) noun,noun,none
wound,"ኣቑሰለ, ጎድአ",(v) verb,verb,none
wreck,ኣዕነወ,(v) verb,verb,none
wrinkle,ዕጣሮ,(n) noun,noun,none
wrinkled,ዕጣር,(an) adjective noun,adjective,noun-derived
write,ጸሓፈ,(v) verb,verb,none
writer,ደራሲ,(n) noun,noun,none
writing,ጽሕፈት,(n) noun,noun,none
yard,ቀጽሪ,(n) noun,noun,none
yarn,ፈትሊ,(n) noun,noun,none
year,ዓመት,(n) noun,noun,none
yearly,ዓመታዊ,(a) adjective,adjective,none
yellow,ቢጫ,(a) adjective,adjective,none
yes,እወ,(a) adjective,adjective,none
yesterday,ትማሊ,(adv) adverb,adverb,none
yet,ጌና,(adv) adverb,adverb,none
yogurt,ሩግኦ,(n) noun,noun,none
young,መንእሰይ,(a) adjective,adjective,none
youth,ንእስነት,(n) noun,noun,none
zeal,ተመስጦ,(n) noun,noun,none
zinc,ዚንጎ,(n) noun,noun,none
thin/thick home made cornbread,ሀንዛ,(n) noun,noun,none
"alive, living",ሂወታዊ,(a) adjective,adjective,none
"exist, live",ሃለወ,(v) verb,verb,none
disappear,ሃለዋት ኣጥፈአ,(v) verb,verb,none
search,ሃለው በለ,(v) verb,verb,none
"flame, fire",ሃልሃልታ,(n) noun,noun,none
"knock, beat",ሃረመ,(v) verb,verb,none
shit,ሃሪ,(n) noun,noun,none
"dark, dim, faded",ሃሳስ,(a) adjective,adjective,none
"crafty, cunning,malicious",ሃሳይ,(a) adjective,adjective,none
"give, supply, provide,offer, reward",ሃበ,(v) verb,verb,none
"resources, wealth",ሃብቲ,(n) noun,noun,none
"rich, wealhy",ሃብታም,(a) adjective,adjective,none
"talkative, gossiping",ሃታፍ,(a) adjective,adjective,none
"construct, build",ሃነጸ,(v) verb,verb,none
"passive, inert",ሃናን,(a) adjective,adjective,none
"instructive, educational",ሃናጺ,(a) adjective,adjective,none
anxiety,ሃንቀውታ,(n) noun,noun,none
"surprising, amazing",ሃንደበታዊ,(a) adjective,adjective,none
"surprise, sudden",ሃንደበት,(n) noun,noun,none
imprudent,ሃንዳፍ,(a) adjective,adjective,none
"lazy, sluggish",ሃካይ,(a) adjective,adjective,none
"bother, disturb",ሃወኸ,(v) verb,verb,none
pious,ሃይማኖተኛ,(a) adjective,adjective,none
"flee, avoid, shun",ሃደመ,(v) verb,verb,none
"hunt, dispel, chase",ሃደነ,(v) verb,verb,none
threaten,ሃደደ,(v) verb,verb,none
"calm, pacify, soothe",ሃድአ,(v) verb,verb,none
"countryside, village,rural area",ሃገረሰብ,(n) noun,noun,none
"national, countrymen",ሃገራዊ,(a) adjective,adjective,none
emperor,ሃጸይ,(n) noun,noun,none
"current, present",ህሉው,(a) adjective,adjective,none
"existence, presence",ህላዌ,(n) noun,noun,none
accept,ህራይ በላ,(v) verb,verb,none
"gust, burst",ህቦብላ,(n) noun,noun,none
"building, construction",ህንጻ,(n) noun,noun,none
lazy,ህኩይ,(a) adjective,adjective,none
imprudent,ህዉኽ,(a) adjective,adjective,none
"animate, liven",ህይወት ሃበ,(v) verb,verb,none
"calm, quiet",ህዱእ,(a) adjective,adjective,none
escape,ህድማ,(v) verb,verb,none
"calm, silence",ህድኣት,(n) noun,noun,none
attack,ህጁም,(n) noun,noun,none
varnish,ለመጸ,(v) verb,verb,none
"lemon, lime",ለሚን,(n) noun,noun,none
painter,ለማጻይ,(n) noun,noun,none
"release, free",ለቐቐ,(v) verb,verb,none
"wear, dress",ለበሰ,(v) verb,verb,none
send someone to do something,ለኣኸ,(v) verb,verb,none
"bend down, stoop",ለወየ,(v) verb,verb,none
"change, switch",ለወጠ,(v) verb,verb,none
kind,ለዋህ,(a) adjective,adjective,none
exchange,ለዋወጠ,(v) verb,verb,none
change,ለውጢ,(n) noun,noun,none
raise,ለዓለ,(v) verb,verb,none
soften,ለዘበ,(v) verb,verb,none
night-time,ለይታዊ,(a) adjective,adjective,none
grant,ለገሰ,(v) verb,verb,none
"stick, glue",ለጠፈ,(v) verb,verb,none
skilful person,ሊቕ,(n) noun,noun,none
litre,ሊተር,(n) noun,noun,none
cream,ላህመት,(n) noun,noun,none
"college, university",ላዕላይ-ደረጃ,(n) noun,noun,none
acquaintance,ሌላ,(n) noun,noun,none
"common, normal,ordinary",ልሙድ,(a) adjective,adjective,none
"tradition, custom",ልምዲ,(n) noun,noun,none
"warm, tepid",ልቡጥ,(a) adjective,adjective,none
"mission, task",ልኡኽ,(n) noun,noun,none
accurate,ልክዓዊ,(a) adjective,adjective,none
"exact, accuracy",ልክዕ,(a) adjective,adjective,none
"perfection, accuracy",ልክዕነት,(n) noun,noun,none
noble,ልዑል,(a) adjective,adjective,none
"birth, birthday,",ልደት,(a) adjective,adjective,none
brain,ሐንጎል,(n) noun,noun,none
advocate,ሐገዝ,(n) noun,noun,none
advocator,ሐጋዚት,(nf) noun feminine,noun,feminine
cough,ሑአታ,(n) noun,noun,none
"pass, get around, cross",ሓለፈ,(v) verb,verb,none
guard,ሓላዊ,(n) noun,noun,none
"superintendent,caretaker",ሓላው ርሻን,(n) noun,noun,none
"spinach, green collards",ሓምሊ,(n) noun,noun,none
crush,ሓምሸሸ,(v) verb,verb,none
plough,ሓረሰ,(v) verb,verb,none
give birth,ሓረሰት,(v) verb,verb,none
"pick, choose",ሓረየ,(v) verb,verb,none
"cut, slaughter",ሓረደ,(v) verb,verb,none
angry,ሓራቕ,(a) adjective,adjective,none
"liberty, freedom",ሓርነት,(n) noun,noun,none
"hay, straw",ሓሰር,(n) noun,noun,none
"think, consider",ሓሰበ,(v) verb,verb,none
"worm, insect",ሓሰኻ,(n) noun,noun,none
lie,ሓሰወ,(v) verb,verb,none
"idea, thought",ሓሳብ,(n) noun,noun,none
express,ሓሳብ ገለጸ,(v) verb,verb,none
"true, (n) truth, accuracy",ሓቂ,(a) adjective,adjective,none
"melt, dissolve",ሓቐቐ,(v) verb,verb,none
accurate,ሓቓዊ,(a) adjective,adjective,none
shake,ሓቖነ,(v) verb,verb,none
"suggest, direct",ሓበረ,(v) verb,verb,none
"information, signal",ሓበሬታ,(n) noun,noun,none
guide,ሓባሪ,(n) noun,noun,none
"hide, conceal",ሓብአ,(v) verb,verb,none
"bravery, courage",ሓቦ,(n) noun,noun,none
"demand, apply, ask",ሓተተ,(v) verb,verb,none
aunt (mother's side),ሓትነ,(n) noun,noun,none
aunt (mother's side),ሓትኖ,(n) noun,noun,none
"treat, look after",ሓከመ,(v) verb,verb,none
climb,ሓኾረ,(v) verb,verb,none
"monument, statue",ሓወልቲ,(n) noun,noun,none
mix,ሓወሰ,(v) verb,verb,none
cure,ሓወየ,(v) verb,verb,none
"hold, handle, keep,occupy",ሓዘ,(v) verb,verb,none
mourning,ሓዘን,(n) noun,noun,none
"strong, powerful",ሓያል,(a) adjective,adjective,none
"energy, power, force",ሓይሊ,(n) noun,noun,none
"danger, accident",ሓደጋ,(n) noun,noun,none
accidental,ሓደጋዊ,(a) adjective,adjective,none
"new, fresh",ሓዲሽ,(a) adjective,adjective,none
awakening,ሓዲሽ ምጅማር,(n) noun,noun,none
"assist, help",ሓገዘ,(v) verb,verb,none
"assistance, help",ሓገዝ,(n) noun,noun,none
advocator,ሓገዝቲ,(npl) noun plural,noun,plural
advocator,ሓጋዚ,(nm) noun masculine,noun,masculine
"rake, search",ሓግሓገ,(v) verb,verb,none
"satisfaction,contentment",ሓጎስ,(n) noun,noun,none
sin,ሓጥአ,(v) verb,verb,none
"tease, mock",ሓጨጨ,(v) verb,verb,none
wash,ሓጸበ,(v) verb,verb,none
note,ሓጺር ጽሑፍ,(v) verb,verb,none
harvest,ሓፈሰ,(v) verb,verb,none
"timid, shy",ሓፋር,(a) adjective,adjective,none
"sick, ill",ሕሙም,(n) noun,noun,none
grey,ሕሙኽሽታይ,(a) adjective,adjective,none
"disease, illness",ሕማም,(n) noun,noun,none
"misfortune, bad luck",ሕማቕ ዕድል,(n) noun,noun,none
"navel, center",ሕምብርቲ,(n) noun,noun,none
ferocity,ሕርቃን,(n) noun,noun,none
anger,ሕርቓን,(n) noun,noun,none
"cruel, mean",ሕሱም,(a) adjective,adjective,none
"whisper, murmur",ሕሹኽሹኽ,(n) noun,noun,none
back,ሕቆ,(n) noun,noun,none
colour,ሕብሪ ለኸየ,(v) verb,verb,none
"appeal, question",ሕቶ,(n) noun,noun,none
"revenge, vengeance",ሕነ,(n) noun,noun,none
to avenge,ሕነ ፈደየ,(v) verb,verb,none
thick round leavened,ሕንባሻ,(n) noun,noun,none
locust,ሕንጉጉ,(n) noun,noun,none
stubborn,ሕንግድ,(a) adjective,adjective,none
small,ሕንጢል ሕንጥሊቶ,(n) noun,noun,none
parrot,ሕንጻይ,(n) noun,noun,none
"treatment, medicine",ሕክምና,(n) noun,noun,none
"benevolent, kindly,",ሕያዋይ,(a) adjective,adjective,none
"benevolence,",ሕያውነት,(n) noun,noun,none
"entrust, confide",ሕድሪ ሃበ,(v) verb,verb,none
legitimate,ሕጋዊ,(a) adjective,adjective,none
"engagement, betrothal",ሕጸ,(v) verb,verb,none
"child, infant, baby",ሕጻን,(n) noun,noun,none
"infancy, childhood",ሕጻንነት,(v) verb,verb,none
"shame, disgrace",ሕፍረት,(v) verb,verb,none
"choir, chorus",መሃምራን,(n) noun,noun,none
"educate, teach",መሃረ,(v) verb,verb,none
"create, invent",መሃዘ,(v) verb,verb,none
"wage, pay, salary",መሃያ,(n) noun,noun,none
"return, restore, give",መለሰ,(v) verb,verb,none
answer,መለሸ,(v) verb,verb,none
egg-plant,መለንዛና,(n) noun,noun,none
link,መላገቢ,(v) verb,verb,none
"answer, reply",መልሲ,(n) noun,noun,none
fill up,መልአ,(v) verb,verb,none
announcement,መልእኽቲ,(n) noun,noun,none
"swear, vow",መሓለ,(v) verb,verb,none
"excuse, forgive",መሓረ,(v) verb,verb,none
calculator,መሓሰበት,(n) noun,noun,none
"body, limb",መሓውር,(n) noun,noun,none
"foot, leg",መሓውር እንስሳ,(n) noun,noun,none
"buddy, pal, friend",መሓዛ,(n) noun,noun,none
"road, path, route",መሕለፊ,(n) noun,noun,none
lavatory,መሕጸቢ ቤት,(n) noun,noun,none
tooth-paste,መሕጸብ ስኒ,(n) noun,noun,none
teacher,መምህር,(n) noun,noun,none
watering can,መረብረቢ,(n) noun,noun,none
"proof, evidence",መረጋገጺ,(n) noun,noun,none
"choose, pick, select,",መረጸ,(v) verb,verb,none
"guide, president,",መራሒ,(n) noun,noun,none
landscape,"መሬት, (ገጽ)",(n) noun,noun,none
"lead, direct",መርሐ,(v) verb,verb,none
"examine, scrutinize",መርመረ,(v) verb,verb,none
website,መርበብ,(n) noun,noun,none
prove,መርትያ ኣቕረበ,(v) verb,verb,none
"boat, ship",መርከብ,(n) noun,noun,none
"marriage, wedding",መርዓ,(n) noun,noun,none
centre of the,መርዓት ዓይኒ,(n) noun,noun,none
poison,መርዚ,(n) noun,noun,none
"right, privilege",መሰል,(n) noun,noun,none
alarm,መሰማዕታ,(n) noun,noun,none
instrumental,መሳርያዊ ሙዚቃ,(a) adjective,adjective,none
nostril,መሳኹት ኣፍንጫ,(n) noun,noun,none
amusement,መስሓቒ,(n) noun,noun,none
"amusing, funny",መስሓቕ,(a) adjective,adjective,none
"span, range",መስመራት,(n) noun,noun,none
"rule, ruler, line, row",መስመር,(n) noun,noun,none
form,መስረተ,(v) verb,verb,none
"column, pillar, rank",መስርዕ,(n) noun,noun,none
"crossroads,",መስቀላዊ መንገዲ,(n) noun,noun,none
place/something,መስቀል ስእሊ,(n) noun,noun,none
attentive,መስተውዓሊ,(a) adjective,adjective,none
attentive,መስተውዓሊት,(a) adjective,adjective,none
brush,መስኣሊ ኣስባስላ,(n) noun,noun,none
"testify, give evidence",መስከረ,(v) verb,verb,none
nostril,መስኮት ኣፍንጫ,(n) noun,noun,none
sale,መሸጣ,(n) noun,noun,none
"rot, spoil",መሽመሸ,(v) verb,verb,none
"divide up, share",መቐለ,(v) verb,verb,none
"reception,",መቐበል ጋሻ,(n) noun,noun,none
"painful, aching",መቐንዘዊ,(a) adjective,adjective,none
scissors,መቐዝ,(n) noun,noun,none
"injury, wound",መቑሰልቲ,(n) noun,noun,none
"ring, echo",መቓልሕ ሃበ,(v) verb,verb,none
"cemetery, grave",መቓብር,(n) noun,noun,none
disaster,መቕዘፍቲ,(n) noun,noun,none
pot,መቕድሒ ፈሳሲ,(n) noun,noun,none
"fine, penalty,",መቕጻዕቲ,(n) noun,noun,none
"beginning, start",መበገሲ,(n) noun,noun,none
elementary,መባእታ ደረጃ,(n) noun,noun,none
nail-file,መብረድ,(n) noun,noun,none
"often,",መብዛሕቱኢ ግዝ,(adv) adverb,adverb,none
"pillow, cushion",መተርኣስ,(n) noun,noun,none
"assurance, self-confidence",መተኣማመኒ,(n) noun,noun,none
temple,መትልሕ,(n) noun,noun,none
nerves,መትኒ,(n) noun,noun,none
beak,መትኮብ ዑፍ,(n) noun,noun,none
"spectacles, goggles",መነጸር,(n) noun,noun,none
chair,መንበር,(n) noun,noun,none
chisel,መንደል,(n) noun,noun,none
"board, plank",መንደቒ ኡሕ,(n) noun,noun,none
"hump, bump",መንዳዓት,(n) noun,noun,none
"passing, passenger",መንገደኛ,(an) adjective noun,adjective,noun-derived
"route, path, road",መንገዲ,(n) noun,noun,none
"sidewalk,pavement",መንገዲ ኣጋር,(n) noun,noun,none
"government, state",መንግስቲ,(n) noun,noun,none
"umpire, referee",መንጎኛ,(n) noun,noun,none
"fall, waterfall",መንጫዕጫዕታ,(n) noun,noun,none
"half-year, six months",መንፈቕ,(n) noun,noun,none
"street level,",መእተዊ ህንጻ,(n) noun,noun,none
"lorry, truck",መኪና ጽዕነት,(n) noun,noun,none
"melt, dissolve",መኸኸ,(v) verb,verb,none
"sterile, barren",መኻን,(a) adjective,adjective,none
"gain, profit, benefit",መኽሰብ,(n) noun,noun,none
"cover, lid",መኽደኒ ድስቲ,(n) noun,noun,none
"broom, brush",መኾስተር,(n) noun,noun,none
"end, conclusion",መወዳእታ,(n) noun,noun,none
finally,መወዳእትኢ,(adv) adverb,adverb,none
"day, daytime",መዓልቲ,(n) noun,noun,none
"daily, everyday",መዓልታዊ,(a) adjective,adjective,none
"bridge, deck",መዓሸግ ባብር,(n) noun,noun,none
disaster,መዓት,(n) noun,noun,none
"lounge, living room",መዕረፊ ክፍሊ,(n) noun,noun,none
stop,መዕረፍ መጓዓዝያ,(n) noun,noun,none
shelter,መዕቀሊ,(n) noun,noun,none
refuge,መዕቆቢ,(n) noun,noun,none
"weigh, consider,",መዘነ,(v) verb,verb,none
amusement,መዛናጋዒ,(n) noun,noun,none
"stroll, walk",መዛወሪ,(n) noun,noun,none
decide,መደበ,(v) verb,verb,none
"program, plan, project",መደብ,(n) noun,noun,none
"bar, rail",መደንደል,(n) noun,noun,none
"staircase, stairs",መደያይቦ,(n) noun,noun,none
palette,መዳወሲ ሕብሪ,(n) noun,noun,none
"remedy, cure, medication",መድሃኒት,(n) noun,noun,none
"rescuer, saviour",መድሓኒ,(n) noun,noun,none
"platform, stage",መድረክ,(n) noun,noun,none
"gun, barrel",መድፍዕ,(n) noun,noun,none
hook,መጀለቢ,(n) noun,noun,none
"beginning, start",መጀመርታ,(n) noun,noun,none
"journey, tour, trip",መገሻ,(n) noun,noun,none
serve,መገበ,(v) verb,verb,none
"curtain, shutter",መጋረጀ,(n) noun,noun,none
furnace,መጋርያ,(n) noun,noun,none
"announcement,",መግለጺ,(n) noun,noun,none
congratulations,መግለጺ ሓጎስ,(n) noun,noun,none
rake,መግፈፊ,(n) noun,noun,none
praise,መጎስ,(n) noun,noun,none
"herd, flock",መጓሰ,(n) noun,noun,none
"close, conclusion",መጠረሽታ,(n) noun,noun,none
"packing, package",መጠርነፊ,(n) noun,noun,none
"warning, alarm",መጠንቀቕታ,(n) noun,noun,none
"warning, alarm",መጠንቐቕታ,(n) noun,noun,none
"band, tape",መጥመሪ,(n) noun,noun,none
attack,መጥቃዕቲ,(n) noun,noun,none
next,መጻኢ,(a) adjective,adjective,none
"amusement, toy",መጻወቲ,(n) noun,noun,none
"brochure,",መጽሓፍ ጸብጻብ,(n) noun,noun,none
illustrious,መጽሔት,(n) noun,noun,none
"lesson,",መጽናዕቲ ትምህርቲ,(n) noun,noun,none
test,መፈተንታ,(n) noun,noun,none
legs/leg muscles,ሙሕኹልቲ,(n) noun,noun,none
cheek,ሙዕጉርቲ,(n) noun,noun,none
musical,ሙዚቃዊ,(a) adjective,adjective,none
mistletoe,ሚሰልቶ ተኽሊ,(n) noun,noun,none
vocabulary,ማህደረ,(n) noun,noun,none
mean,ማለት,(v) verb,verb,none
undergarment,ማልያ,(n) noun,noun,none
tear out,ማሐወ,(v) verb,verb,none
glorious,ማሕለፍያ,(a) adjective,adjective,none
ploughing,ማሕረስ,(n) noun,noun,none
"plough, plough",ማሕረሻ,(n) noun,noun,none
kid,ማሕስእ,(n) noun,noun,none
"company, association",ማሕበር,(n) noun,noun,none
"seal, impression",ማሕተም,(n) noun,noun,none
spark,ማሕታ,(n) noun,noun,none
invent,ማሕጎዳ,(n) noun,noun,none
marmot,ማርሞት,(n) noun,noun,none
"make fun of, tease",ማስየ,(v) verb,verb,none
trowel,ማንካ ነዳቓይ,(n) noun,noun,none
browse,ማእረረ,(v) verb,verb,none
"arrest, custody",ማእሰርቲ,(n) noun,noun,none
"middle, medium",ማእከላይ,(a) adjective,adjective,none
junior high,ማእከላይ ደረጃ,(n) noun,noun,none
"middle, medium,",ማእከል,(n) noun,noun,none
small/large intestine,ማዓንጣ,(n) noun,noun,none
"equal, level",ማዕረ,(a) adjective,adjective,none
"parallel,",ማዕረ ማዕረ,(a) adjective,adjective,none
"wave, storm",ማዕበል,(n) noun,noun,none
treasury,ማዕከን,(n) noun,noun,none
marshy,ማያዊ,(a) adjective,adjective,none
similar to Butter,ማይ ጨባ,(n) noun,noun,none
apple,ሜለ,(n) noun,noun,none
"honey wine, mead",ሜስ,(n) noun,noun,none
meter,ሜተር,(n) noun,noun,none
ground,ሜዳ,(n) noun,noun,none
be alive,ምህላው,(v) verb,verb,none
bang,ምህራም,(v) verb,verb,none
"complete, full",ምሉእ,(a) adjective,adjective,none
reply,ምላሽ ሃበ,(v) verb,verb,none
acquaint,ምልላይ,(v) verb,verb,none
"mark, symbol, signal,",ምልክት,(n) noun,noun,none
"transformation,adjust",ምልዋጥ,(n) noun,noun,none
rise,ምልዕዓል,(n) noun,noun,none
pass,ምሕላፍ,(v) verb,verb,none
"(v) swim,  swimming",ምሕምባሰ,(n) noun,noun,none
"grace, mercy, pardon",ምሕረት,(n) noun,noun,none
anger,ምሕራቕ,(v) verb,verb,none
"melting, thaw",ምሕቃቐ,(n) noun,noun,none
"cure, healing,",ምሕዋይ,(n) noun,noun,none
alliance,ምሕዝነት,(n) noun,noun,none
alliance,ምሕዝና,(n) noun,noun,none
advocate,ምሕጋዝ,(v) verb,verb,none
"applaud, appreciate",ምምስጋን,(v) verb,verb,none
arrange,ምምዕራይ,(v) verb,verb,none
installation,ምምዕርራይ ኣቑሑ,(n) noun,noun,none
calf,ምራኽ,(n) noun,noun,none
"display, exhibition",ምርኢት,(n) noun,noun,none
sap,ምርዋ,(n) noun,noun,none
marry off,ምርዕው,(v) verb,verb,none
affirm,ምርግጋጽ,(v) verb,verb,none
"choice, selection, preference",ምርጫ,(n) noun,noun,none
lunch,ምሳሕ,(n) noun,noun,none
with,ምስ,(prep) preposition,preposition,none
hypocrite,ምስሉይ,(a) adjective,adjective,none
proverb,ምስላ,(n) noun,noun,none
amuse,ምስሓቕ,(v) verb,verb,none
agree,ምስምማዕ,(v) verb,verb,none
align,ምስራዕ,(v) verb,verb,none
surrender,ምስትላም,(n) noun,noun,none
"gratitude, testimony,thanks",ምስጋና,(n) noun,noun,none
"delicious, sweet",ምቁር,(a) adjective,adjective,none
argue,ምቁያቕ,(v) verb,verb,none
"get closer, be close to",ምቅርራብ,(v) verb,verb,none
adjust,ምቑጽጻር,(v) verb,verb,none
obliging,ምቕሉል,(a) adjective,adjective,none
"agitation, excitement",ምቕስቃስ,(n) noun,noun,none
"east, easterly",ምብራቅ,(an) adjective noun,adjective,noun-derived
fail,ምትራፍ,(v) verb,verb,none
be alive,ምትንፋስ,(v) verb,verb,none
act,ምትውሳእ,(v) verb,verb,none
"comfortable, favourable",ምቹእ,(a) adjective,adjective,none
comfort,ምቾት,(n) noun,noun,none
probably,ምናልባት,(adv) adverb,adverb,none
probability,ምናልባትነት,(n) noun,noun,none
arm,ምናት,(n) noun,noun,none
"retreat, refuge",ምንስሓብ,(n) noun,noun,none
movement,ምንቅስቓስ,(n) noun,noun,none
gymnastics,ምንቅስቓስ ኣካላት,(n) noun,noun,none
source,ምንጪ,(n) noun,noun,none
collect,ምእካብ ግብሪ,(v) verb,verb,none
obedient,ምእዙዝ,(a) adjective,adjective,none
argue,ምክታዕ,(v) verb,verb,none
anger,ምኹራይ,(v) verb,verb,none
"advice, counsel",ምኽሪ,(n) noun,noun,none
"cause, reason",ምኽንያት,(n) noun,noun,none
afford,ምኽኣል,(v) verb,verb,none
acquittal,ምኽፋል ዕዳ,(n) noun,noun,none
"heat, ardour",ምዉቕ ስምዒት,(n) noun,noun,none
"late, deceased, dead",ምዉት,(a) adjective,adjective,none
advocate,ምውካል,(v) verb,verb,none
accuse,ምውካስ,(v) verb,verb,none
fail,ምውዳቕ,(v) verb,verb,none
"adjust, assemble",ምዕራይ,(v) verb,verb,none
"progress, development",ምዕባለ,(n) noun,noun,none
advice,ምዕዶ,(n) noun,noun,none
"cheek,",ምዕጉርቲ,(n) noun,noun,none
bang,ምዝባጥ,(v) verb,verb,none
"absent-mindedness,amusement, (v) amuse",ምዝንጋዕ,(n) noun,noun,none
adore,ምድማጽ,(v) verb,verb,none
"desert, deserted",ምድረ በዳ,(an) adjective noun,adjective,noun-derived
"adore, amaze",ምድናቕ,(v) verb,verb,none
mountaineering,ምድያብ,(n) noun,noun,none
"begin, start",ምጅማር,(n) noun,noun,none
expression,ምግላጽ,(n) noun,noun,none
amaze,ምግራም,(v) verb,verb,none
act,ምግባር,(v) verb,verb,none
"align, assemble",ምግጣም,(v) verb,verb,none
peach,ምግፋእ,(n) noun,noun,none
applaud,ምጥቓዕ,(v) verb,verb,none
(af) adorable,ምጩውቲ,(uncategorized) Uncategorized,uncategorized,none
(am) adorable,ምጩይ,(uncategorized) Uncategorized,uncategorized,none
"resistance, tolerance",ምጽማም,(n) noun,noun,none
"charity, (v) amuse",ምጽዋት,(n) noun,noun,none
acquaint,ምፍላጥ,(v) verb,verb,none
judge,ምፍራድ,(v) verb,verb,none
judge,ምፍታሕ,(v) verb,verb,none
escape from,ሞሎቐ,(v) verb,verb,none
gratitude,ሞሳ,(n) noun,noun,none
"perish, decease, die",ሞተ,(v) verb,verb,none
"motor, engine",ሞተር,(n) noun,noun,none
"decease, death",ሞት,(n) noun,noun,none
manual,ሞያዊ መጽሓፍ,(a) adjective,adjective,none
appreciable,ሞገስ,(a) adjective,adjective,none
guardian,ሞጉዚት,(n) noun,noun,none
"perspire, sweat",ረሃጸ,(v) verb,verb,none
sweat,ረሃጽ,(n) noun,noun,none
"go away, move away",ረሓቐ,(v) verb,verb,none
dirty,ረሳሕ,(a) adjective,adjective,none
fiery,ረሳን,(a) adjective,adjective,none
forget,ረስዐ,(v) verb,verb,none
thin,ረቂቕ,(a) adjective,adjective,none
align,ረበበ,(v) verb,verb,none
Wednesday,ረቡዕ,(n) noun,noun,none
"gain, benefit",ረብሓ,(n) noun,noun,none
"water, wet, spray",ረብረበ,(v) verb,verb,none
agitation,ረብሻ,(n) noun,noun,none
"enormous,tremendous",ረኣምራታዊ,(a) adjective,adjective,none
"find, get, discover",ረኸበ,(v) verb,verb,none
recover,ረኸቦ,(v) verb,verb,none
"help, assistance, aid",ረዲኤት,(n) noun,noun,none
"help, assist, aid",ረድአ,(v) verb,verb,none
regiment,ረጂመንት,(n) noun,noun,none
"big, large",ረጉድ,(a) adjective,adjective,none
enlarge,ረጎደ,(v) verb,verb,none
abandon,ረጥረጠ,(v) verb,verb,none
delude,ራረወ,(v) verb,verb,none
terror,ራዕዲ,(n) noun,noun,none
rice,ራይስ,(n) noun,noun,none
sweat,ርሀጽ,(n) noun,noun,none
"forgetfulness, forgetting",ርሳዐ,(n) noun,noun,none
"house, building",ርሻን,(n) noun,noun,none
"produce, yield,multiple",ርባሕ,(an) adjective noun,adjective,noun-derived
"sensible, reasonable",ርትዓዊ,(a) adjective,adjective,none
capital,ርእሰ ማል,(n) noun,noun,none
head,ርእሲ,(n) noun,noun,none
"sight, view",ርእየት,(n) noun,noun,none
risk,ርከሳ,(n) noun,noun,none
meeting,ርክብ,(n) noun,noun,none
certainly,ርጉጻዊ,(adv) adverb,adverb,none
"nastiness, malice",ርግመት,(n) noun,noun,none
pigeon,ርግቢ,(n) noun,noun,none
"balance, self-control",ርግኣት,(n) noun,noun,none
"sure, certain",ርግጸኛ,(a) adjective,adjective,none
certain,ርግጽ,(a) adjective,adjective,none
"certainty, sureness",ርግጽነት,(n) noun,noun,none
humid,ርጡብ,(a) adjective,adjective,none
"abandonment,",ርጥረጣ,(n) noun,noun,none
"debris, crumb",ርፍራፍ,(n) noun,noun,none
gull,ሮብራ,(n) noun,noun,none
"seesaw, swing",ሰለል,(n) noun,noun,none
"thigh, leg",ሰለፍ,(n) noun,noun,none
"peaceful, quiet",ሰላማዊ,(a) adjective,adjective,none
sign,ሰሌዳ ምልክት,(n) noun,noun,none
be bored,ሰልከየ,(v) verb,verb,none
sharpen,ሰሓለ,(v) verb,verb,none
"grant, fulfill, unite,combine",ሰመረ,(v) verb,verb,none
martyr,ሰማእት,(n) noun,noun,none
"hearer, listener",ሰማያ,(n) noun,noun,none
"hearer, listener",ሰማያት,(n) noun,noun,none
(na) northern,ሰሜናዊ,(uncategorized) Uncategorized,uncategorized,none
(na) north,ሰሜን,(uncategorized) Uncategorized,uncategorized,none
"steal, burgle",ሰረቐ,(v) verb,verb,none
"fund, found",ሰረተ,(v) verb,verb,none
penetrate,ሰረጸ,(v) verb,verb,none
glassmaker,ሰራሕ መስኮት,(n) noun,noun,none
roofer,ሰራሕ ናሕሲ,(n) noun,noun,none
"personnel, staff",ሰራሕተኛታት,(n) noun,noun,none
artery,ሰራውር,(n) noun,noun,none
"manufacture, build",ሰርሐ,(v) verb,verb,none
bush,ሰርነግ,(n) noun,noun,none
nostril,ሰርኖ,(n) noun,noun,none
"organize, arrange, set up",ሰርዐ,(v) verb,verb,none
"collide with, engage",ሰቐለ,(v) verb,verb,none
"break, break up",ሰበረ,(v) verb,verb,none
foam,ሰበባ,(n) noun,noun,none
"widowed,",ሰበይቱ ዝመተቶ,(an) adjective noun,adjective,noun-derived
"wife, woman, lady",ሰበይቲ,(n) noun,noun,none
"people, folk",ሰባት,(n) noun,noun,none
"widowed,widower, widow",ሰብኣያ ዝሞታ,(an) adjective noun,adjective,noun-derived
"conceal, hide, cover",ሰተረ,(v) verb,verb,none
drink,ሰተየ,(v) verb,verb,none
blotting-paper,ሰታይ ቀለም,(n) noun,noun,none
baker,ሰንካቲት,(n) noun,noun,none
"pierce, penetrate",ሰንጠቐ,(v) verb,verb,none
"paint, photograph, draw,design",ሰኣለ,(v) verb,verb,none
"painter, drawer",ሰኣሊ,(n) noun,noun,none
second,ሰከንድ,(n) noun,noun,none
squander,ሰኹለለ,(v) verb,verb,none
sacrifice,ሰዉአ,(v) verb,verb,none
"cough, coughing",ሰዓል,(n) noun,noun,none
"rise above, win, defeat,",ሰዓረ,(v) verb,verb,none
"join, follow, come after,",ሰዓበ,(v) verb,verb,none
"hour, time, clock",ሰዓት,(n) noun,noun,none
pendulum clock,ሰዓት መንደቕ,(n) noun,noun,none
"waking,awakening, revival",ሰዓት ደወል,(n) noun,noun,none
"bench, seat",ሰደቓ,(n) noun,noun,none
"release, loosen, slacken,let go of, dispatch, send",ሰደደ,(v) verb,verb,none
"sender, shipper,",ሰዳዳይ,(n) noun,noun,none
"cross, pass",ሰገረ,(v) verb,verb,none
"lock, flood gate",ሰጋጥ,(n) noun,noun,none
walk,ሰጐመ,(v) verb,verb,none
"spread, lay",ሰጥሐ,(v) verb,verb,none
toss,ሰጥሐ ንእኽሊ,(v) verb,verb,none
"sew, stitch,",ሰፈየ,(v) verb,verb,none
"spacious, roomy",ሰፊሕ,(a) adjective,adjective,none
sponge,ሰፍነግ,(n) noun,noun,none
siren,ሲረና,(n) noun,noun,none
"salad, lettuce",ሳላጣ,(n) noun,noun,none
"laughter,",ሳሓቕ,(n) noun,noun,none
"(adv a) rarely, rare",ሳሓቲ,(uncategorized) Uncategorized,uncategorized,none
sardine,ሳርዲን,(n) noun,noun,none
"lung, lungs",ሳንቡእ,(n) noun,noun,none
"pail, bucket",ሳንኮሎ,(n) noun,noun,none
"trunk, case, box",ሳንዱቕ,(n) noun,noun,none
"sack, bag",ሳንጣ,(n) noun,noun,none
artist,ሳኣላይ,(n) noun,noun,none
"shoe,",ሳእኒ,(n) noun,noun,none
put shoes on,ሳእኒ ለበሰ,(v) verb,verb,none
oats,ሳዓዕ,(n) noun,noun,none
"grass, weed, lawn",ሳዕሪ,(n) noun,noun,none
graze,ሳዕሪ በልዐ,(v) verb,verb,none
dance,ሳዕሰዐ,(v) verb,verb,none
"dance, dancing",ሳዕስዒት,(n) noun,noun,none
"effect, consequence,",ሳዕቤን,(n) noun,noun,none
spider,ሳፌት,(n) noun,noun,none
chair,ሴዳ,(n) noun,noun,none
"decoration, jewel,gem",ስልማት,(n) noun,noun,none
"tired, weary",ስልኩይ,(a) adjective,adjective,none
agony,ስሕግታ,(n) noun,noun,none
last name,ስም ኣቦ,(n) noun,noun,none
affectionate,ስምዒታዊ,(a) adjective,adjective,none
affection,ስምዒት,(n) noun,noun,none
even,ስሩዕ,(a) adjective,adjective,none
"activity, employment,job",ስራሕ,(n) noun,noun,none
"theft, larceny, robbery",ስርቂ,(n) noun,noun,none
"wheat, grain",ስርናይ,(n) noun,noun,none
"order, rule",ስርዓት,(n) noun,noun,none
regulate,ስርዓት ኣትሓዘ,(v) verb,verb,none
"breaking open,breakdown",ስባር,(n) noun,noun,none
"sermon, lecture",ስብከት,(n) noun,noun,none
botany,ስነ ኣትክልቲ,(n) noun,noun,none
zoology,ስነ እንስሳ,(n) noun,noun,none
"hygiene, health",ስነ ጥዕና,(n) noun,noun,none
reed,ስንስላ,(n) noun,noun,none
disprove,ስንኩሌ,(a) adjective,adjective,none
edition,ስንዳእ,(n) noun,noun,none
"gorge, ravine, gully",ስንጥሮ,(n) noun,noun,none
"map, portrait,",ስእሊ,(n) noun,noun,none
scruple,ስክፍታ,(n) noun,noun,none
scholarly,ስኮላስቲካዊ,(a) adjective,adjective,none
"defeated person, loser",ስዑር,(a) adjective,adjective,none
"defeat, failure",ስዕረት,(n) noun,noun,none
"migratory, migrant",ስደተኛ,(a) adjective,adjective,none
prose,ስዲ ንባብ,(n) noun,noun,none
"imprudence, rashness",ስድነት,(n) noun,noun,none
"step, tread, footstep,footprint",ስጉምቲ,(n) noun,noun,none
"meat, flesh, meat",ስጋ,(n) noun,noun,none
bacon,ስጋ ሓሰማ,(n) noun,noun,none
"calf, veal",ስጋ ምራኽ,(n) noun,noun,none
"sheep, mutton",ስጋ በጊዕ,(n) noun,noun,none
fear,ስጌኣት,(n) noun,noun,none
step,ስጒምቲ,(v) verb,verb,none
point,ስፋይ,(n) noun,noun,none
"sewing, seam",ስፍየት ክዳን,(n) noun,noun,none
spinach,ስፐናቺ,(n) noun,noun,none
spinach,ስፒናቺ,(n) noun,noun,none
"neglect, desert,abandon",ሸለል በለ,(v) verb,verb,none
purchase,ሸመታ,(n) noun,noun,none
merchant,ሸቃጣይ,(n) noun,noun,none
"sting, prick",ሸቅታ,(n) noun,noun,none
"concern, worry",ሸቐልቀል,(n) noun,noun,none
smell,ሸተተ,(v) verb,verb,none
heel,ሸኾና እግሪ,(n) noun,noun,none
"vendor, seller",ሸያጢት,(nf) noun feminine,noun,feminine
"vendor, seller",ሸያጣይ,(n) noun,noun,none
sell,ሸጠ,(v) verb,verb,none
cover,ሸፈነ,(v) verb,verb,none
eyebrow,ሸፋሽፍቲ ዓይኒ,(n) noun,noun,none
scarf,ሻል,(n) noun,noun,none
grass plot,ሻኻ,(n) noun,noun,none
(na) thousand,ሽሕ,(uncategorized) Uncategorized,uncategorized,none
"old, aged, senior",ሽማግለ,(an) adjective noun,adjective,noun-derived
breach,ሽሮፍ,(n) noun,noun,none
"scent, fragrance",ሽታ ፈረንጂ,(n) noun,noun,none
urine,ሽንቲ,(n) noun,noun,none
lavatory,ሽንቲ ቤት,(n) noun,noun,none
"trouble, difficulty,",ሽግር,(n) noun,noun,none
anxiety,ሽግርግር,(n) noun,noun,none
"bandit, robber, ruffian,brigand",ሽፍታ,(n) noun,noun,none
appoint,ሾመ,(v) verb,verb,none
fade,ቀሃመ,(v) verb,verb,none
"easy, simple",ቀሊል,(a) adjective,adjective,none
lake,ቀላያዊ,(a) adjective,adjective,none
faint,ቀልቡ,(v) verb,verb,none
"reveal, disclose, make widely known, show",ቀልዐ,(v) verb,verb,none
"rush, hurry up",ቀልጠፈ,(v) verb,verb,none
"barber, hairdresser",ቀምቃሚ,(n) noun,noun,none
glean,ቀረመ,(v) verb,verb,none
"furnish, prepare, bring close, approach",ቀረበ,(v) verb,verb,none
"sculpt, carve, form,shape, make, engrave",ቀረጸ,(v) verb,verb,none
sculptor,ቀራጺ,(n) noun,noun,none
"earn, obtain",ቀሰመ,(v) verb,verb,none
"gently, softly, carefully",ቀስ,(adv) adverb,adverb,none
arch,ቀስተ,(n) noun,noun,none
arc,ቀስቲ,(n) noun,noun,none
arc,ቀሸም,(n) noun,noun,none
"priest, pastor",ቀሺ,(n) noun,noun,none
"paint, varnish",ቀብአ,(v) verb,verb,none
"kill, murder, assassinate",ቀተለ,(v) verb,verb,none
"murderous, assassin,murderer",ቀታሊ,(an) adjective noun,adjective,noun-derived
"stand up again, draw",ቀንዐ,(v) verb,verb,none
"main, essential",ቀንዲ,(a) adjective,adjective,none
"star, hero",ቀንዲ ተዋሳኢ,(n) noun,noun,none
"star, heroine",ቀንዲ ተዋሳኢት,(n) noun,noun,none
strip,ቀንጠጠ,(v) verb,verb,none
"harvest, gather",ቀውዐ,(v) verb,verb,none
"harvest, crop, autumn,fall",ቀውዒ,(n) noun,noun,none
harvester,ቀውዓይ,(n) noun,noun,none
"change, exchange,",ቀየረ,(v) verb,verb,none
redden,ቀይሐ,(v) verb,verb,none
"beet, root",ቀይሕ ሱር,(n) noun,noun,none
"reddish, red",ቀይሕ ጸጉሩ,(a) adjective,adjective,none
"pass, go beyond, exceed",ቀደመ,(v) verb,verb,none
"tear up, rip up",ቀደደ,(v) verb,verb,none
"imitate, pour out",ቀድሐ,(v) verb,verb,none
"thin, lean, slender",ቀጢን,(a) adjective,adjective,none
sharp,ቀጢን ድምጺ,(n) noun,noun,none
through,ቀጥታ ባቡር,(n) noun,noun,none
"method, system, way",ቀጥዒ,(n) noun,noun,none
"continue, continue with",ቀጸለ,(v) verb,verb,none
"then, afterwards,",ቀጺሉ,(adv) adverb,adverb,none
"continual, continuous",ቀጻሊ,(a) adjective,adjective,none
"yard, playground",ቀጽሪ,(n) noun,noun,none
punish,ቀጽዐ,(v) verb,verb,none
a little,ቁሩብ,(a) adjective,adjective,none
"part, portion, piece",ቁራስ,(n) noun,noun,none
"piece, bit",ቁራጽ,(n) noun,noun,none
"sacrament, communion",ቁርባን,(n) noun,noun,none
"wound, sore",ቁስሊ,(n) noun,noun,none
"bobbin, spool, roll, coil",ቁኒን,(n) noun,noun,none
"number, arithmetic",ቁጽሪ,(n) noun,noun,none
flat round unleavened home made bread,ቂጫ,(n) noun,noun,none
"give your word,",ቃሉ ሃበ,(v) verb,verb,none
"word, saying",ቃል,(n) noun,noun,none
"fight, struggle, conflict,",ቃልሲ,(n) noun,noun,none
clearing,ቃልዕ ቦታ,(n) noun,noun,none
"twig, branch",ቃራና,(n) noun,noun,none
windpipe,ቃራየ ጉርጉማ,(n) noun,noun,none
tune,ቃና,(n) noun,noun,none
"pain, suffering, ache",ቃንዛ,(n) noun,noun,none
mushroom\,ቃንጥሻ,(n) noun,noun,none
"bell, hand bell",ቃጭል,(n) noun,noun,none
faded,ቅሁም,(a) adjective,adjective,none
"easiness, ease, complaisance",ቅሊ,(n) noun,noun,none
bark,ቅላጥ ዕንጨይቲ,(n) noun,noun,none
emerge,ቅልቅል በለ,(v) verb,verb,none
"fast, quick, rapid",ቅልጡፍ,(a) adjective,adjective,none
"speed, quickness",ቅልጣፈ,(n) noun,noun,none
"arm, upper arm",ቅልጽም,(n) noun,noun,none
"reservation, reserve",ቅሙጥ,(n) noun,noun,none
deposit,ቅሙጥ ጜኝዤብ,(n) noun,noun,none
offer,ቅረባ,(n) noun,noun,none
crust,ቅራፍ ባኒ,(n) noun,noun,none
"unlucky, unfortunate",ቅርሱስ,(a) adjective,adjective,none
"bad luck, misfortune",ቅርሳሰ,(n) noun,noun,none
axe,ቅርቅረ ዑፍ,(n) noun,noun,none
"corn, grain",ቅርኒብ እኽሊ,(n) noun,noun,none
farm-yard,ቅርዓት,(n) noun,noun,none
"sculpture, figure, shape,",ቅርጺ,(n) noun,noun,none
"flake, shell",ቅርፍቲ,(n) noun,noun,none
comfort,ቅሱን,(a) adjective,adjective,none
"comfort, peace",ቅሳነተ,(n) noun,noun,none
"ointment, cream",ቅብኣት,(n) noun,noun,none
"despair,",ቅብጸተ ተስፋ,(n) noun,noun,none
"correct, right, accurate",ቅኑዕ,(a) adjective,adjective,none
tone,ቅኒት,(n) noun,noun,none
"sincerity, frankness,",ቅንዕና,(n) noun,noun,none
"piece, bit",ቅንጣብ,(n) noun,noun,none
"model, pattern",ቅዲ,(n) noun,noun,none
"mood, mode,",ቅዲ ሞዳ,(n) noun,noun,none
"copy, transcript",ቅዳሕ,(n) noun,noun,none
"service, mass, worship,",ቅዳሴ,(n) noun,noun,none
front of a building,ቅድሚ ገዛ,(n) noun,noun,none
"advance, front",ቅድሚት,(n) noun,noun,none
"before, in front of",ቅድም,(prep) preposition,preposition,none
volume,ቅጺ,(n) noun,noun,none
"child, infant",ቆልዓ,(n) noun,noun,none
breakfast,ቆረሰ,(v) verb,verb,none
"cold, chilly",ቆራሪ,(a) adjective,adjective,none
"brave, courageous -",ቆራጽ,(a) adjective,adjective,none
"skin, leather",ቆርበት,(n) noun,noun,none
"pelt, fur",ቆርበት ዘይተመልጠ,(n) noun,noun,none
"cap, hat",ቆቢዕ,(n) noun,noun,none
beret,ቆቢዕ ከቢብ,(n) noun,noun,none
"hawthorn, bush,",ቆትቋጥ,(n) noun,noun,none
"save up, economize",ቆጠበ,(v) verb,verb,none
reclaim,ቆጥቆጠ,(v) verb,verb,none
"count, value, expect, hire",ቆጸረ,(v) verb,verb,none
"appointment, date",ቆጸራ,(n) noun,noun,none
"meter, counter",ቆጻሪ,(n) noun,noun,none
"child, Baby",ቈልዓ,(n) noun,noun,none
"advance, hasten",ቐሌጠፈ,(v) verb,verb,none
chuckle,ቐቐወ,(v) verb,verb,none
"copy, pour out",ቐድሐ,(v) verb,verb,none
direct,ቐጥታዊ,(a) adjective,adjective,none
punish,ቐጽዐ,(v) verb,verb,none
"accuracy, acquittal",ቑኑዕ,(n) noun,noun,none
alarm,ቓጭል,(n) noun,noun,none
eyelash,ቕርኒብ ዓይኒ,(n) noun,noun,none
accurate,ቕንዓዊ,(a) adjective,adjective,none
acquit,ቕንዕና,(v) verb,verb,none
"sparkle, scintillate",በለጥ በለ,(v) verb,verb,none
fly,በረረ,(v) verb,verb,none
forest,በረኻ,(n) noun,noun,none
"red chili pepper, spice",በርበረ,(n) noun,noun,none
furnish,በቑሑ,(v) verb,verb,none
"germinate, sprout,develop",በቖለ,(v) verb,verb,none
"strew, disperse",በተነ,(v) verb,verb,none
"stick, cane",በትሪ,(n) noun,noun,none
"oil, petrol, gasoline,extract",በንዚን,(n) noun,noun,none
cry,በኸየ,(v) verb,verb,none
brutal,በዓለገ,(a) adjective,adjective,none
"(na) feast, festival, holiday,",በዓል,(uncategorized) Uncategorized,uncategorized,none
grocer,በዓል ድኳን,(nm) noun masculine,noun,masculine
milk-man,በዓል ጸባ,(nm) noun masculine,noun,masculine
wife,በዓልቲ ቤት,(nf) noun feminine,noun,feminine
grocer,በዓልቲ ድኳን,(nf) noun feminine,noun,feminine
milk-woman,በዓልቲ ጸባ,(nf) noun feminine,noun,feminine
"den, cave",በዓቲ,(n) noun,noun,none
"misdemeanour, offence,abuse",በደል,(n) noun,noun,none
"achieve, reach, overtake,",በጽሐ,(v) verb,verb,none
"mail, post, office",ቡስጣ ቤት,(n) noun,noun,none
corporal,ቡንጣዝ,(n) noun,noun,none
"paste, dough",ቢሑቕ,(n) noun,noun,none
beer,ቢርራ,(n) noun,noun,none
"biscuit, cookie",ቢስኮቲ,(n) noun,noun,none
bridge,ቢንቶ,(n) noun,noun,none
cultivation,ባህሊ,(n) noun,noun,none
"fancy, fantasy",ባህጊ,(n) noun,noun,none
marble,ባሊና,(n) noun,noun,none
"baggage, suitcase, bag",ባልጃ,(n) noun,noun,none
"marine,",ባሕራዊ,(a) adjective,adjective,none
"doll,",ባምቡላ,(n) noun,noun,none
"powder, dust",ባሩድ,(n) noun,noun,none
fire,ባርዕ,(n) noun,noun,none
paste,ባስታ,(npl) noun plural,noun,plural
"boat, ship",ባቡር ቀላይ,(n) noun,noun,none
"leavened bread,commercial bread",ባኒ,(n) noun,noun,none
bathroom,ባኞ,(n) noun,noun,none
stammer,ባእበአ,(v) verb,verb,none
packet,ባኮ ቡስጣ,(n) noun,noun,none
basil,ባዘሊኮ,(n) noun,noun,none
bazaar,ባዛር,(n) noun,noun,none
mercury,ባዜቃ,(n) noun,noun,none
mare,ባዝራ,(n) noun,noun,none
"ground, soil",ባይታ,(n) noun,noun,none
assembly,ባይቶ,(n) noun,noun,none
"spade, shovel",ባዴላ,(n) noun,noun,none
"wagon, truck, carriage",ባጎኒ,(n) noun,noun,none
house,ቤተ,(n) noun,noun,none
Laundromat,ቤተ ሕጽቦ,(n) noun,noun,none
printers,ቤተ ማሕተም,(n) noun,noun,none
"family, domestic",ቤተ ሰባዊ,(a) adjective,adjective,none
"cathedral,",ቤተ ክርስቲያን,(n) noun,noun,none
"factory, workshop,",ቤተ ዕዮ,(n) noun,noun,none
"chapel, parish",ቤተ ጸሎት,(n) noun,noun,none
"town hall, city",ቤተ ጽሕፈት,(n) noun,noun,none
bar,ቤት መስተ,(n) noun,noun,none
basil,ቤዚል,(n) noun,noun,none
through something,ብ--,(adv) adverb,adverb,none
stupid,ብሃም,(a) adjective,adjective,none
"topic, remark, talk",ብህሊት,(n) noun,noun,none
"superior, upper, higher",ብሉጽ,(a) adjective,adjective,none
accurately,ብልክዕ,(adv) adverb,adverb,none
tributary,ብልጹግ,(n) noun,noun,none
"indeed, accurately",ብሓቂ,(adv) adverb,adverb,none
accidentally,ብሓደጋ,(adv) adverb,adverb,none
"brief, short",ብሓጺሩ,(a) adjective,adjective,none
"loneliness,",ብሕትውና,(n) noun,noun,none
tenderly,ብምልምላም,(adv) adverb,adverb,none
easily,ብምቾት,(adv) adverb,adverb,none
amazedly,ብምድናቕ,(adv) adverb,adverb,none
amazedly,ብምግራም,(adv) adverb,adverb,none
"whistle,",ብምጭዳር ተቓወመ,(v) verb,verb,none
"metal, rifle",ብረት,(n) noun,noun,none
"sunny, clear, bright",ብሩህ,(a) adjective,adjective,none
"light, clearness,",ብራሃን,(n) noun,noun,none
transparent,ብርሃን ዘሕልፍ,(a) adjective,adjective,none
"difficult, hard",ብርቱዕ,(a) adjective,adjective,none
pen,ብርዒ,(n) noun,noun,none
rich person,ብርጅዋ,(n) noun,noun,none
"affirmably, certainly",ብርግጽ,(adv) adverb,adverb,none
bronze,ብሮንዞ,(n) noun,noun,none
mature,ብሱል,(a) adjective,adjective,none
regularly,ብስሩዕነት,(adv) adverb,adverb,none
"simply, easily",ብቐሊል,(adv) adverb,adverb,none
directly,ብቐጥ,(adv) adverb,adverb,none
"quickly, soon,",ብቑልጡፍ,(adv) adverb,adverb,none
accurately,ብቑኑዕ,(adv) adverb,adverb,none
"worthy, deserving",ብቑዕ,(a) adjective,adjective,none
"sincerely, frankly,",ብቕንዕና,(adv) adverb,adverb,none
ability,ብቕዓት,(n) noun,noun,none
"in front, ahead",ብቕድሚ,(adv) adverb,adverb,none
immediately,ብቕጽበት,(adv) adverb,adverb,none
"considerably, more than enough",ብብዚሒ,(adv) adverb,adverb,none
run up,ብታህዋኽ በጽሐ,(v) verb,verb,none
"willingly, gladly",ብታሕጓስ,(adv) adverb,adverb,none
at least,ብዉሕድ,(adv) adverb,adverb,none
"crude, rude",ብዕልግና,(n) noun,noun,none
"too much, too many",ብዘይመጠን,(adv) adverb,adverb,none
majority,ብዙሓን,(n) noun,noun,none
"much, many, a lot",ብዙሕ,(adv) adverb,adverb,none
recite,ብዝርዝር ገለጸ,(v) verb,verb,none
departure,ብገሳ,(n) noun,noun,none
"rightly, precisely",ብግቡእ,(adv) adverb,adverb,none
"so much, so or as many, so, as much, very much,most",ብጣዕሚ,(adv) adverb,adverb,none
"seriously,attentively",ብጥንቃቐ,(adv) adverb,adverb,none
yellow,ብጫ,(a) adjective,adjective,none
"mate, friend,",ብጸይቲ,(nf) noun feminine,noun,feminine
solemn,ብጹዕ,(a) adjective,adjective,none
"mate, friend,",ብጻይ,(nm) noun masculine,noun,masculine
quotient,ብጽሒት,(n) noun,noun,none
"perfectly, exactly",ብጽፈት,(adv) adverb,adverb,none
"especially,",ብፍላይ,(adv) adverb,adverb,none
"explicit, clear, overt",ብፍላጥ,(adv) adverb,adverb,none
give up,ብፍቓዱ ገደፈ,(v) verb,verb,none
"absolutely, by all",ብፍጹም,(adv) adverb,adverb,none
shell,ቦምባ ከቢድ ብረት,(n) noun,noun,none
"sack, briefcase",ቦርሳ,(n) noun,noun,none
letter-box,ቦስጣ ሳጹን,(n) noun,noun,none
"area, space, interval,",ቦታ,(n) noun,noun,none
"shift, move, dislodge,",ቦታ ቀየረ,(v) verb,verb,none
"elder, eldest,",ቦኹሪ,(a) adjective,adjective,none
ferment,ቦኽዐ,(v) verb,verb,none
"absent, away",ቦኾረ,(v) verb,verb,none
get impatient,ተሃንጠየ,(v) verb,verb,none
"rush, hurry up",ተሃወኸ,(v) verb,verb,none
telegram,ተለግራም,(n) noun,noun,none
recommend,ተላበወ,(v) verb,verb,none
discuss,ተላዘበ,(v) verb,verb,none
"make fun of, laugh at",ተላገጸ,(v) verb,verb,none
"amateur, beginner",ተልመደን,(n) noun,noun,none
"amateur, beginner",ተልምደን,(n) noun,noun,none
get one’s bearings,ተሓበረ,(v) verb,verb,none
"treasurer, cashier",ተሓዝ ገንዘብ,(n) noun,noun,none
be delighted,ተሓጎሰ,(v) verb,verb,none
"wash one’s self, bathe",ተሓጸበ,(v) verb,verb,none
get engaged to,ተሓጸየ,(v) verb,verb,none
student,ተመሃራይ,(n) noun,noun,none
"return, go back",ተመለሰ,(v) verb,verb,none
"turn, return",ተመልሰ,(v) verb,verb,none
get married,ተመርዓወ,(v) verb,verb,none
intrigue,ተመሻጠረ,(v) verb,verb,none
promise,ተመባጽዓ,(v) verb,verb,none
desire,ተመነየ,(v) verb,verb,none
"consult, talk to each",ተመያየጠ,(v) verb,verb,none
feed,ተመገበ,(v) verb,verb,none
"schoolgirl, pupil,",ተማሃሪት,(n) noun,noun,none
"schoolboy, pupil,",ተማሃራይ,(n) noun,noun,none
take,ተማልአ,(v) verb,verb,none
"beg, plead",ተማሕጸነ,(v) verb,verb,none
date,ተምሪ,(n) noun,noun,none
relate,ተረተ,(v) verb,verb,none
risk,ተረከሰ,(v) verb,verb,none
"understand,",ተረድአ,(v) verb,verb,none
"be left, remain, stay",ተረፈ,(v) verb,verb,none
"rest, remainder",ተረፍ,(n) noun,noun,none
"rest, remainder",ተረፍ መግቢ,(n) noun,noun,none
hard,ተሪር,(a) adjective,adjective,none
failed,ተሪፈ,(a) adjective,adjective,none
simple,ተራ,(a) adjective,adjective,none
"appear, manifest",ተራእየ,(v) verb,verb,none
"deal, encounter,",ተራኸበ,(v) verb,verb,none
agree,ተሰማምዐ,(v) verb,verb,none
suit,ተሰማምዖ,(v) verb,verb,none
feel,ተሰምዖ,(v) verb,verb,none
parade,ተሰሪዑ,(v) verb,verb,none
disappear,ተሰወረ,(v) verb,verb,none
"be in pain, suffer",ተሳቐየ,(v) verb,verb,none
participate,ተሳዓፈ,(v) verb,verb,none
cross,ተሳገረ,(v) verb,verb,none
become,ተስፋ ቆረጸ,(v) verb,verb,none
despair,ተስፋ ኣልቦነት,(n) noun,noun,none
"discourage,",ተስፋ ዝቖረጸ,(a) adjective,adjective,none
"transport, carry",ተሸከመ,(v) verb,verb,none
"worry about, have",ተሻቐለ,(v) verb,verb,none
suddenly appear,ተቐልቀለ,(v) verb,verb,none
"stay, remain",ተቐመጠ,(v) verb,verb,none
"citizen, inhabitant",ተቐማጢ,(nm) noun masculine,noun,masculine
"citizen, inhabitant",ተቐማጢት,(nf) noun feminine,noun,feminine
"greet, welcome, accept,",ተቐበለ,(v) verb,verb,none
receiver,ተቐባላይ,(n) noun,noun,none
poet,ተቐናይ,(n) noun,noun,none
variable,ተቐያያሪ,(a) adjective,adjective,none
"fight, struggle",ተቓለሰ,(v) verb,verb,none
useful,ተቓሚ,(a) adjective,adjective,none
"revive, wake up",ተበራበረ,(v) verb,verb,none
departure,ተበገሶ,(n) noun,noun,none
"blow up, explode",ተባርዐ,(v) verb,verb,none
"brave, courageous",ተባዕ,(a) adjective,adjective,none
foresee,ተተንበየ,(v) verb,verb,none
"sensitive, appreciable",ተነካኢ,(a) adjective,adjective,none
cross,ተናጠረ,(v) verb,verb,none
"get up, rise",ተንሰአ,(v) verb,verb,none
"move, circulate",ተንቀሳቐሰ,(v) verb,verb,none
realize,ተአንዘበ,(v) verb,verb,none
"admit, confess",ተኣመነ,(v) verb,verb,none
groan,ተኣነነ,(v) verb,verb,none
meet,ተኣከበ,(v) verb,verb,none
sensitive,ተኣፋፊ,(a) adjective,adjective,none
"plant, erect, put up",ተኸለ,(v) verb,verb,none
"defend, protect",ተኸላኸለ,(v) verb,verb,none
protect,ተኸላኸከ,(v) verb,verb,none
rent,ተኸረየ,(v) verb,verb,none
"follow, take",ተኸተለ,(v) verb,verb,none
succeed,ተኸታተለ,(v) verb,verb,none
set,ተኸታታሊ ነገራት,(n) noun,noun,none
"look after, take care",ተኸናኸነ,(v) verb,verb,none
provoke,ተኹተኸ,(v) verb,verb,none
tenant,ተኻራያይ,(n) noun,noun,none
"discuss, debate",ተኻተዐ,(v) verb,verb,none
argue,ተኻትዐ,(v) verb,verb,none
"involve, attend",ተኻፈለ,(v) verb,verb,none
"possible, everything",ተኽእሎ,(n) noun,noun,none
give the cold,ተኾርነፈ,(v) verb,verb,none
be born,ተወለደ,(v) verb,verb,none
"throw oneself, rush",ተወንጨፈ,(v) verb,verb,none
perch,ተወጠሐ,(v) verb,verb,none
"actors, actresses",ተዋሰእቲ,(pl) noun plural,noun,plural
character,ተዋሳኢ,(n) noun,noun,none
piece,ተዋስኦ,(n) noun,noun,none
"represent, perform",ተዋነየ,(v) verb,verb,none
fight,ተዋግአ,(v) verb,verb,none
"win, make a success",ተዓወተ,(v) verb,verb,none
"keep watch over,",ተዓዘበ,(v) verb,verb,none
"onlooker, spectator",ተዓዛቢ,(nm) noun masculine,noun,masculine
"onlooker, spectator",ተዓዛቢት,(nf) noun feminine,noun,feminine
take place,ተዘርገሐ,(v) verb,verb,none
"have a good time,have fun",ተዘናገዐ,(v) verb,verb,none
"express, speak, talk",ተዛረበ,(v) verb,verb,none
"walk, go for a walk",ተዛወረ,(v) verb,verb,none
dine,ተደረረ,(v) verb,verb,none
window shutter,ተደራቢ መስኮት,(n) noun,noun,none
"frequent, common",ተደጋጋሚ,(a) adjective,adjective,none
"be astonished, be",ተገረመ,(v) verb,verb,none
care,ተገደሰ,(v) verb,verb,none
"combatant, veteran,",ተጋዳላይ,(n) noun,noun,none
actively,ተግባራዊ,(a) adjective,adjective,none
"action, deed",ተግባር,(n) noun,noun,none
"injure oneself, hurt oneself",ተጎድአ,(v) verb,verb,none
travel through,ተጓዕዘ,(v) verb,verb,none
"doubt, hesitate",ተጠራጠረ,(v) verb,verb,none
"ask for, claim, demand",ተጣረዐ,(v) verb,verb,none
"repent, be sorry",ተጣዓሰ,(v) verb,verb,none
"expect, wait",ተጸበየ,(v) verb,verb,none
rely,ተጸግዐ,(v) verb,verb,none
"opponent, adversary",ተጻራሪ,(n) noun,noun,none
support,ተጻወረ,(v) verb,verb,none
play,ተጻወተ,(v) verb,verb,none
"perform, execute",ተጻወተ ምዚቃ,(v) verb,verb,none
adversary,ተጻይ,(n) noun,noun,none
vary,ተፈላለየ,(v) verb,verb,none
"split, crack, break",ተፈንጠለ,(v) verb,verb,none
get a divorce,ተፋትሐ ሓዳር,(v) verb,verb,none
"pipe, hose",ቱቦ,(n) noun,noun,none
apple,ቱፉህ,(n) noun,noun,none
apple,ቱፋህ,(n) noun,noun,none
apple,ቱፋሕ,(n) noun,noun,none
tuberculosis,ቲቢ,(n) noun,noun,none
"hurry, haste",ታህዋኽ,(n) noun,noun,none
history,ታረኸ,(n) noun,noun,none
announcement,ታእዋጅ,(n) noun,noun,none
heel,ታኮ,(n) noun,noun,none
humble,ትሑት,(a) adjective,adjective,none
minor,ትሑት ቃና,(a) adjective,adjective,none
"underground,",ትሕቲ ምድሪ,(a) adjective,adjective,none
"modesty, politeness",ትሕትና,(n) noun,noun,none
"instruction,",ትምህርቲ,(n) noun,noun,none
spiced beans/lentils stew,ትምቲሞ,(n) noun,noun,none
anecdote,ትረት,(n) noun,noun,none
barbed wire,ትሪኮላታ,(n) noun,noun,none
trout,ትራውት ዓሳ,(n) noun,noun,none
tragedy,ትራጀዲ,(n) noun,noun,none
tragic,ትራጀዳዊ,(a) adjective,adjective,none
appearance,ትርኢት,(n) noun,noun,none
"residence, place",ትቕመጠሉ ቦታ,(n) noun,noun,none
"courage, bravery",ትብዓት,(n) noun,noun,none
palace,ትንሓግ,(n) noun,noun,none
awakening,ትንሳኤ,(n) noun,noun,none
"command, order",ትእዛዝ,(n) noun,noun,none
"gloomy, melancholy",ትኩዝ,(a) adjective,adjective,none
"institute, institution",ትካል,(n) noun,noun,none
perpendicular,ትኽ ዝበለ,(a) adjective,adjective,none
vertical,ትኽሎ,(a) adjective,adjective,none
proud,ትዕቢተኛ,(a) adjective,adjective,none
"vanity, conceit",ትዕቢት,(n) noun,noun,none
bandage,ቺረቶ,(n) noun,noun,none
urine,ችንቲ,(n) noun,noun,none
coo,ነቀወ,(v) verb,verb,none
hatch,ነቑሐ,(v) verb,verb,none
"exist, live, be alive, survive",ነበረ,(v) verb,verb,none
"tiger, leopard",ነብሪ,(n) noun,noun,none
"burst, explode",ነቶገ,(v) verb,verb,none
"hollow, hole",ነኳል,(an) adjective noun,adjective,noun-derived
"prick, sting, bite",ነኸሰ,(v) verb,verb,none
"long, tall",ነዊሕ,(a) adjective,adjective,none
"long, a long time",ነዊሕ ግዜ,(adv) adverb,adverb,none
"long-lived,",ነዊሕ ጸናሒ,(a) adjective,adjective,none
"write, draw up",ነደፈ,(v) verb,verb,none
poor,ነዳይ,(a) adjective,adjective,none
bronchitis,ነድሪ ጉርጉማ,(n) noun,noun,none
"inform, tell, tell about",ነገረ,(v) verb,verb,none
"matter, substance",ነገር,(n) noun,noun,none
"supplies, equipment",ነገር ንዋት,(n) noun,noun,none
"scrub,",ነገፈ,(v) verb,verb,none
"merchant, trader",ነጋዳይ,(n) noun,noun,none
groove,ነግሒ,(n) noun,noun,none
"jump, leap",ነጠረ,(v) verb,verb,none
drop -,ነጠበ,(v) verb,verb,none
"drop, (v) grade, score",ነጥቢ,(n) noun,noun,none
"note, note down, write down",ነጥቢ ሓዘ,(v) verb,verb,none
"refuse, decline, reject",ነጸገ,(v) verb,verb,none
"free, independent",ነጻ,(a) adjective,adjective,none
shake,ነጽነጸ,(v) verb,verb,none
"fly away, take off",ነፈረ,(v) verb,verb,none
blow,ነፈሰ,(v) verb,verb,none
blow up,ነፍሐ,(v) verb,verb,none
"soul, feeling",ነፍሲ,(n) noun,noun,none
of,ናይ,(prep) preposition,preposition,none
choral,ናይ መሃምራን,(a) adjective,adjective,none
municipal,ናይ መዘጋጃ ቤተ,(a) adjective,adjective,none
profession,ናይ ስራሕ ክእለት,(n) noun,noun,none
"morning, early,",ናይ ንጉሆ,(a) adjective,adjective,none
wintry,ናይ ክረምቲ,(a) adjective,adjective,none
new-born,ናጽላ,(n) noun,noun,none
"eagle, genius",ንስሪ,(n) noun,noun,none
"dry, dried",ንቑጽ,(a) adjective,adjective,none
"consciousness,conscience",ንቕሓት,(n) noun,noun,none
alone,ንብሕቶ,(a) adjective,adjective,none
"teardrop, tears",ንብዓት,(n) noun,noun,none
"youth, boyhood,girlhood,",ንእስነት,(n) noun,noun,none
"small, little, minor",ንእሽተይ,(a) adjective,adjective,none
plaque,ንእሽተይ ሰልዳ,(n) noun,noun,none
"tiny, small, minor",ንእሽቶ,(a) adjective,adjective,none
"pond, pool",ንእሽቶ ቀላይ,(n) noun,noun,none
"equipment,",ንዋት,(n) noun,noun,none
"contempt, scorn,",ንዕቀት,(n) noun,noun,none
"sketch, outline, plane,",ንድፊ,(n) noun,noun,none
"model , pattern",ንድፋዊ ምስሊ,(n) noun,noun,none
"royal, kingly",ንጉሳዊ,(a) adjective,adjective,none
King,ንጉስ,(n) noun,noun,none
Queen,ንግስቲ,(n) noun,noun,none
"empire, influence,kingdom, realm",ንግስነት,(n) noun,noun,none
pilgrimage,ንግደት,(n) noun,noun,none
"trade, commerce",ንግዲ,(n) noun,noun,none
"agile, nimble",ንጡፍ,(a) adjective,adjective,none
"stain, spot, blot,mark",ንጣብ ርስሓት,(n) noun,noun,none
activity,ንጥፈት,(n) noun,noun,none
acquit,ንጹህ,(v) verb,verb,none
clean,ንጹር,(a) adjective,adjective,none
"breach, gap, notch",ንጻግ,(n) noun,noun,none
clever,ንፉዕ,(a) adjective,adjective,none
"air, climate, weather,wind",ንፋስ,(n) noun,noun,none
"flying, flight",ንፍረት,(n) noun,noun,none
"head-master,",አማሓዳሪ,(n) noun,noun,none
empress,ኡቴገ,(n) noun,noun,none
"knitting, knitwear",ኡንቺነቶ,(n) noun,noun,none
hand,ኡድ,(n) noun,noun,none
blow,ኡፍ በለ,(v) verb,verb,none
sigh,ኡፎይታ,(n) noun,noun,none
number,ኣሃዝ,(n) noun,noun,none
common,ኣሃዱ,(n) noun,noun,none
syllable,ኣሃዱ ምድማጽ,(n) noun,noun,none
communal,ኣሃዳዊ,(a) adjective,adjective,none
"calm, quiet down",ኣህደአ,(v) verb,verb,none
"distinguish, recognize",ኣለለየ,(v) verb,verb,none
"knit, weave",ኣለመ,(v) verb,verb,none
"lend, loan",ኣለቀሐ,(v) verb,verb,none
excite,ኣለዓዓለ,(v) verb,verb,none
divert,ኣለየ,(v) verb,verb,none
"present, introduce",ኣላለየ,(v) verb,verb,none
"assemble, gather,",ኣላገበ,(v) verb,verb,none
"get used to, get",ኣልመደ,(v) verb,verb,none
"dress, clothe",ኣልበሰ,(v) verb,verb,none
"lift, raise",ኣልዓለ,(v) verb,verb,none
"estimate, value,appraise",ኣልያሉ ገመተ,(v) verb,verb,none
"remove, take away",ኣልገሰ,(v) verb,verb,none
unspiced,ኣልጫ,(n) noun,noun,none
burn,ኣሕረረ,(v) verb,verb,none
"irritate, annoy, offend,",ኣሕረቐ,(v) verb,verb,none
whisper,ኣሕሸኹሸኸ,(v) verb,verb,none
"shorten, cut short",ኣሕጸረ,(v) verb,verb,none
"indicate, point",ኣመልከተ,(v) verb,verb,none
"transmit, pass on",ኣመሓላለፈ,(v) verb,verb,none
"appreciate, to",ኣመሰገነ,(v) verb,verb,none
"assert, affirm,maintain, intend",ኣመስለ,(v) verb,verb,none
"trust, believe",ኣመነ,(v) verb,verb,none
"counsel, committee",ኣማኸርቲ,(n) noun,noun,none
"adviser, councillor",ኣማኻሪ,(nm) noun masculine,noun,masculine
councillor,ኣማኻሪት,(nf) noun feminine,noun,feminine
arrange,ኣማዓራረየ,(v) verb,verb,none
promote,ኣማዕበለ,(v) verb,verb,none
adore,ኣምለኸ,(v) verb,verb,none
"administer, manage",ኣምሓደረ,(v) verb,verb,none
lead,ኣምረሐ,(v) verb,verb,none
put down,ኣምበርከኸ,(v) verb,verb,none
appreciate,ኣሞገሰ,(v) verb,verb,none
"brutal, fierce, harsh",ኣረመና,(a) adjective,adjective,none
"pagan, heathen",ኣረማዊ,(a) adjective,adjective,none
paganism,ኣረማውነት,(n) noun,noun,none
deliver,ኣረከበ,(v) verb,verb,none
"gather, pick",ኣረየ,(v) verb,verb,none
"expect, explain",ኣረድአ,(v) verb,verb,none
"age, grow old",ኣረገ,(v) verb,verb,none
"old, aged",ኣረጊት,(an) adjective noun,adjective,noun-derived
"prove, ensure, assert,confirm",ኣረጋገጸ,(v) verb,verb,none
orange,ኣራንሺ,(n) noun,noun,none
"cupboard,poster",ኣርማድዮ ክሽነ,(n) noun,noun,none
"multiply, favour,",ኣርሰሐ,(v) verb,verb,none
artery,ኣርተሪ,(n) noun,noun,none
"display, demonstrate,",ኣርኣየ,(v) verb,verb,none
"title, topic",ኣርእስቲ,(n) noun,noun,none
"appease, calm, soothe",ኣርከአ,(v) verb,verb,none
"strap, brace, tie, arrest,fasten",ኣሰረ,(v) verb,verb,none
decoration,ኣሰራርዓ,(n) noun,noun,none
"trace, track",ኣሰር,(n) noun,noun,none
"trace, draw",ኣሰር ኣውጸአ,(v) verb,verb,none
lend,ኣሰቅሐ,(v) verb,verb,none
"dismiss, discharge",ኣሰናበተ,(v) verb,verb,none
scare,ኣሰንበደ,(v) verb,verb,none
"amuse, entertain",ኣስሓቐ,(v) verb,verb,none
unite or combine,ኣስመረ,(v) verb,verb,none
"employ, use, spend",ኣስረሐ,(v) verb,verb,none
"boss, head,proprietor, protector",ኣስራሒ,(nm) noun masculine,noun,masculine
"boss, head,",ኣስራሒት,(nf) noun feminine,noun,feminine
skeleton,ኣስሬን,(n) noun,noun,none
birth,ኣስተንፈሰ,(v) verb,verb,none
"genius, intelligent",ኣስተውዓሊ,(an) adjective noun,adjective,noun-derived
attention,ኣስተውዕል,(n) noun,noun,none
come back,ኣስታረረ,(v) verb,verb,none
"provoke, follow",ኣስዓበ,(v) verb,verb,none
"thorny, prickly",ኣሻኹ,(a) adjective,adjective,none
grocery,ኣሽባሸ,(n) noun,noun,none
"situation, location,position",ኣቀማምጣ,(n) noun,noun,none
"reception, welcome",ኣቀባብላ,(n) noun,noun,none
"cup, section",ኣቃድዳ,(n) noun,noun,none
direction,ኣቅጣጫ,(n) noun,noun,none
"stop, end, interrupt,break",ኣቋረጸ,(v) verb,verb,none
"cup, section",ኣቋራርጻ,(n) noun,noun,none
humiliate,ኣቋናጸበ,(v) verb,verb,none
"set, place, put, lay",ኣቐመጠ,(v) verb,verb,none
hand,ኣቐበለ,(v) verb,verb,none
"hand off, go, pass by",ኣቐበለ,(v) verb,verb,none
"early, in",ኣቐዲምካ ዝግበር,(a) adjective,adjective,none
"luggage, baggage",ኣቑሑ ጉዕዞ,(n) noun,noun,none
"injure, wound, hurt,offend",ኣቑሰለ,(v) verb,verb,none
"thing, matter,merchandise, goods, article, item",ኣቕሓ,(n) noun,noun,none
"offer, display",ኣቕረበ,(v) verb,verb,none
"set up again, set right",ኣቕነዐ,(v) verb,verb,none
"appoint, set up",ኣቖመ,(v) verb,verb,none
stop,ኣቘመ,(v) verb,verb,none
contribute,ኣበርከተ,(v) verb,verb,none
"bishop, cardinal",ኣቡን,(n) noun,noun,none
"abbot, priest",ኣባ,(n) noun,noun,none
grandfather,ኣባ ሕጎ,(n) noun,noun,none
"godfather, godmother",ኣባሊገ,(n) noun,noun,none
"spoil, damage, ruin",ኣባላሸወ,(v) verb,verb,none
"drafting,editing",ኣባላት ቤት ማሕተም,(n) noun,noun,none
"member, limb",ኣባል,(n) noun,noun,none
waste,ኣባኸነ,(v) verb,verb,none
"above, on top",ኣብ ልዕሊ,(adv) adverb,adverb,none
"formerly,",ኣብ ሕሉፍ እዋናት,(adv) adverb,adverb,none
"finally, at last",ኣብ መዳእታ,(adv) adverb,adverb,none
"below,underneath",ኣብ ትሕቲ,(adv) adverb,adverb,none
"walk, go,step",ኣብ ኣገልግሎት ወዓለ,(v) verb,verb,none
"execute,perform, carry out",ኣብ ግብሪ ኣውዓለ,(v) verb,verb,none
"light, illuminate",ኣብረሀ,(v) verb,verb,none
contribute,ኣብርከተ,(v) verb,verb,none
cook,ኣብሰለ,(v) verb,verb,none
"paternal, fatherly",ኣብታዊ,(a) adjective,adjective,none
there,ኣብኡ,(adv) adverb,adverb,none
knead,ኣብዓጠ,(v) verb,verb,none
"dressing, bandage",ኣተሓኻኸማ,(n) noun,noun,none
"encourage, cheer up",ኣተባብዐ,(v) verb,verb,none
reassure,ኣተኣማመነ,(v) verb,verb,none
"correct, put right",ኣተኻኸለ,(v) verb,verb,none
"come in, enter",ኣተወ,(v) verb,verb,none
"lower, reduce",ኣትሓተ,(v) verb,verb,none
"put out of shape,deform",ኣትሞመ,(v) verb,verb,none
set up,ኣትከለ,(v) verb,verb,none
"plant, vegetable",ኣትክልታዊ,(n) noun,noun,none
steel,ኣቻዮ,(n) noun,noun,none
"me, I",ኣነ,(prn) pronoun,pronoun,none
compare,ኣነጻጸረ,(v) verb,verb,none
"humiliate, humble",ኣናሸወ,(v) verb,verb,none
seek,ኣናደየ,(v) verb,verb,none
"air, give an airing",ኣናፈሰ,(v) verb,verb,none
"withdraw, draw, step back",ኣንሰሓበ,(v) verb,verb,none
float,ኣንሳፈፈ,(v) verb,verb,none
"skate, slip, slide",ኣንሻተተ,(v) verb,verb,none
move,ኣንቀሳቀሰ,(v) verb,verb,none
"shiver, tremble,",ኣንቀጥቀጠ,(v) verb,verb,none
"dry, wipe",ኣንቀጸ,(v) verb,verb,none
move,ኣንቅሳቐሰ,(v) verb,verb,none
eggs,ኣንቋቝሖ,(n) noun,noun,none
wave,ኣንበልበለ,(v) verb,verb,none
"place, put, set, seat",ኣንበረ,(v) verb,verb,none
lioness,ኣንበሲት,(nf) noun feminine,noun,feminine
lion,ኣንበሳ,(nm) noun masculine,noun,masculine
read,ኣንበበ,(v) verb,verb,none
purify,ኣንአሀ,(v) verb,verb,none
"lengthen, extend",ኣንወሐ,(v) verb,verb,none
burn,ኣንደደ,(v) verb,verb,none
corner,ኣንጎሎ,(n) noun,noun,none
"hang on, hang up",ኣንጠልጠለ,(v) verb,verb,none
smith,ኣንጠረኛ,(n) noun,noun,none
"applaud, clap",ኣንጨብጨበ,(v) verb,verb,none
"rat, mouse",ኣንጭዋ,(n) noun,noun,none
"shine, glisten,",ኣንጸባረቐ,(v) verb,verb,none
"opposite, contrary",ኣንጻር,(n) noun,noun,none
"direction, sense",ኣንፈት,(n) noun,noun,none
"conduct,",ኣንፈት ስራሕ,(n) noun,noun,none
"persuade, convince,",ኣእመነ,(v) verb,verb,none
intellectual,ኣእምሮኣዊ,(a) adjective,adjective,none
use up,ኣእረገ,(v) verb,verb,none
"combine, gather, collect",ኣከበ,(v) verb,verb,none
"district, surroundings",ኣከባቢ,(n) noun,noun,none
body,ኣካላት,(n) noun,noun,none
body,ኣካል,(n) noun,noun,none
last,ኣካየደ,(v) verb,verb,none
share,ኣካፈለ,(v) verb,verb,none
ruminate,ኣኮማሰዐ,(v) verb,verb,none
"be enough, be sufficient,",ኣኸለ,(v) verb,verb,none
surround,ኣኸበበ,(v) verb,verb,none
abounding,ኣኺሉ ዝተርፍ,(a) adjective,adjective,none
thresher,ኣኻዲት መኪና,(n) noun,noun,none
"seat, sitting, conference,",ኣኼባ,(n) noun,noun,none
"crown, wreath",ኣኽሊል,(n) noun,noun,none
"honour, respect",ኣኽበረ,(v) verb,verb,none
"round, surround,",ኣኽበበ,(v) verb,verb,none
Prosecutor,ኣኽባር ሕጊ,(n) noun,noun,none
"declare, proclaim,",ኣወጀ,(v) verb,verb,none
"declaration, statement",ኣዋጅ,(n) noun,noun,none
"agreement,",ኣውታረ ድምጺ,(n) noun,noun,none
bus,ኣውቶቡስ,(n) noun,noun,none
"heat, warm, heat",ኣውዓየ,(v) verb,verb,none
"extract, pull",ኣውጸአ,(v) verb,verb,none
cost,ኣውጸአ ዋጋ,(v) verb,verb,none
issue,ኣውጽአ,(v) verb,verb,none
"mend, repair, fix,",ኣዐረየ,(v) verb,verb,none
"gossip, chatter, talk",ኣዕለለ,(v) verb,verb,none
"rest, retire",ኣዕረፈ,(v) verb,verb,none
"make bigger, increase,",ኣዕበየ,(v) verb,verb,none
"wreck, destroy",ኣዕነወ,(v) verb,verb,none
poultry,ኣዕዋፍ ዘቤት,(n) noun,noun,none
"murmur, whisper,",ኣዕዘምዘመ,(v) verb,verb,none
"amuse, entertain,",ኣዘናገዐ,(v) verb,verb,none
tell,ኣዘንተወ,(v) verb,verb,none
"organize, arrange, put in",ኣዘዘ,(v) verb,verb,none
"favour, promote",ኣዛዘወ,(v) verb,verb,none
ear,ኣዝኒ,(n) noun,noun,none
air,ኣየር,(n) noun,noun,none
springtime,ኣያት,(n) noun,noun,none
torrent,ኣይሂ,(n) noun,noun,none
airplane,ኣይሮኘላን,(n) noun,noun,none
grandmother,ኣደ ዓባይ,(n) noun,noun,none
"place, position, space",ኣደባባይ,(n) noun,noun,none
conduct,ኣደብ,(n) noun,noun,none
"maternal, mother",ኣደታዊ,(a) adjective,adjective,none
"impress, amaze",ኣደነቐ,(v) verb,verb,none
"amazed, adorable",ኣደናቒ,(a) adjective,adjective,none
(af) adorable,ኣደናቒት,(uncategorized) Uncategorized,uncategorized,none
"confuse, mix up",ኣደናገረ,(v) verb,verb,none
"delay, defer",ኣደንጎየ,(v) verb,verb,none
encourage,ኣደፋፈረ,(v) verb,verb,none
"arrange, organize,",ኣዳለወ,(v) verb,verb,none
"castle, palace, gallery,",ኣዳራሽ,(n) noun,noun,none
graft,ኣዳቐለ,(v) verb,verb,none
attentive,ኣድሃቢ,(a) adjective,adjective,none
attention,ኣድህብ,(n) noun,noun,none
"necessity,",ኣድላይነት,(n) noun,noun,none
"save, rescue",ኣድሓነ,(v) verb,verb,none
"emboss, batter",ኣድመቐ,(v) verb,verb,none
"listen to, vote, vote",ኣድመጸ,(v) verb,verb,none
universal,ኣድማሳዊ,(a) adjective,adjective,none
"address, skill, dexterity",ኣድራሻ,(n) noun,noun,none
"weaken, tire, exhaust",ኣድከመ,(v) verb,verb,none
similar to cottage,ኣጁቦ,(n) noun,noun,none
rye,ኣጃ,(n) noun,noun,none
"use, serve, function,",ኣገልገለ,(v) verb,verb,none
"servant, serf",ኣገልጋሊ,(nm) noun masculine,noun,masculine
servant,ኣገልጋሊት,(nf) noun feminine,noun,feminine
"surprise, astonish",ኣገረሀ,(v) verb,verb,none
"astonish, amaze",ኣገረመ,(v) verb,verb,none
"amazed, appalling",ኣገራሚ,(a) adjective,adjective,none
"style, manner",ኣገባብ,(n) noun,noun,none
"accent, stress,",ኣገባብ ኣዘራርባ,(n) noun,noun,none
"prohibit, forbid",ኣገደ,(v) verb,verb,none
"concern, matter",ኣገደሰ,(v) verb,verb,none
"important,",ኣገዳሲ,(a) adjective,adjective,none
take away,ኣጉደለ,(v) verb,verb,none
"opportunity, occasion",ኣጋጣሚ,(n) noun,noun,none
"show, manifest,",ኣግሃደ,(v) verb,verb,none
cause,ኣግበረ,(v) verb,verb,none
"evacuate, transport",ኣግዓዘ,(v) verb,verb,none
niece,ኣጎስማ,(n) noun,noun,none
chase,ኣጓየየ,(v) verb,verb,none
reduce,ኣጕደለ,(v) verb,verb,none
combine,ኣጣመረ,(v) verb,verb,none
applauder,ኣጣቓዒት,(f) feminine,uncategorized,feminine
applauder,ኣጣቓዓይ,(m) masculine,uncategorized,masculine
stick,ኣጣበቐ,(v) verb,verb,none
"wet, soak, water",ኣጥለለ,(v) verb,verb,none
"inundate, flood,",ኣጥለቕለቐ,(v) verb,verb,none
"own, possess",ኣጥረየ,(v) verb,verb,none
fasten,ኣጥበቐ,(v) verb,verb,none
"put out, suppress,",ኣጥፈአ,(v) verb,verb,none
lose,ኣጥፍአ,(v) verb,verb,none
"acclaim, hail,",ኣጨብጨበ,(v) verb,verb,none
"hard, difficult",ኣጨናቒ,(a) adjective,adjective,none
"verify, confirm",ኣጸረየ,(v) verb,verb,none
"comfort, fortify",ኣጸናንዐ,(v) verb,verb,none
orchard,ኣጸደ ፍረታት,(n) noun,noun,none
toe,ኣጻብዕ እግሪ,(n) noun,noun,none
"clean, clear, clear away",ኣጽረየ,(v) verb,verb,none
"study, investigate",ኣጽንዐ,(v) verb,verb,none
munitions,ኣጽዋር,(n) noun,noun,none
"approve of, consent to,",ኣጽደቐ,(v) verb,verb,none
"flatten, crush, level,",ኣጽፈሐ,(v) verb,verb,none
relieve,ኣፋኾሰ,(v) verb,verb,none
viper,ኣፍ ዑት,(n) noun,noun,none
"inform, advise,",ኣፍለጠ,(v) verb,verb,none
"chest, breast",ኣፍልቢ,(n) noun,noun,none
"scare, terrify",ኣፍረሐ,(v) verb,verb,none
"frightening, appalling",ኣፍራሒ,(a) adjective,adjective,none
pick-axe,ኣፍራዛ,(n) noun,noun,none
"permit, allow, make",ኣፍቀደ,(v) verb,verb,none
"muzzle,",ኣፍን ኣፍንጫን እንስሳ,(n) noun,noun,none
"nose, snout",ኣፍንጫ,(n) noun,noun,none
"stitch, link",እላም,(n) noun,noun,none
"fair, sincere, faithful,",እሙን,(a) adjective,adjective,none
refusal,እምቢታ,(n) noun,noun,none
mountain,እምባ,(n) noun,noun,none
"bleat, (from a sheep)",እምቤዕ በለ,(v) verb,verb,none
marble,እምነ በረድ,(n) noun,noun,none
"worship, religion,",እምነት,(n) noun,noun,none
wine-harvest,እርያ ወይኒ,(n) noun,noun,none
"picking,gathering",እርያ ፍረታት,(n) noun,noun,none
"old age, old people",እርጋን,(n) noun,noun,none
shelves,እስካፋለ,(n) noun,noun,none
"thorn, prickle",እሾኽ,(n) noun,noun,none
branch,እሾኽ ገረብ,(n) noun,noun,none
dictation,እተባህለ,(n) noun,noun,none
"receipts, income,",እቶት,(n) noun,noun,none
"oven, chimney",እቶን,(n) noun,noun,none
"animal, beast",እንስሳ,(n) noun,noun,none
"domestic, menial",እንስሳ ዘቤት,(a) adjective,adjective,none
"alone, only",እንኮ,(a) adjective,adjective,none
"recover, regain",እንደና ረኸበ,(v) verb,verb,none
"return, come back",እንደገና መጸ,(v) verb,verb,none
"get up, rise",እንደገና ተንሰአ,(v) verb,verb,none
"read again, read over",እንደገና ኣንበበ,(v) verb,verb,none
come down,እንደገና ወረደ,(v) verb,verb,none
reclimb,እንደገና ደየበ,(v) verb,verb,none
butcher's shop,እንዳ ስጋ ሓሰማ,(n) noun,noun,none
"church tower,steeple",እንዳ ደወል,(n) noun,noun,none
"pastry, pastry hop",እንዳ ዶልሺ,(n) noun,noun,none
"portfolio, wallet",እንዳ ገንዘብ,(n) noun,noun,none
"dairy, creamery",እንዳ ጸባ,(n) noun,noun,none
"nasty, mean, bad",እከይ,(a) adjective,adjective,none
collection of,እኩብ መጻሕፍቲ,(n) noun,noun,none
"fund, money",እኩብ ገንዘብ,(n) noun,noun,none
"nastiness, meanness,",እኩይነት,(n) noun,noun,none
collection,እካበ,(n) noun,noun,none
"(a adv) sufficient, enough",እኹል,(uncategorized) Uncategorized,uncategorized,none
abundance,እኹል ተረፍ,(n) noun,noun,none
"cereal, grain",እኽሊ,(n) noun,noun,none
"harvest, reap",እኽሊ ኣኸበ,(v) verb,verb,none
actuality,እዋናዊ,(n) noun,noun,none
"period, epoch, period of",እዋን,(n) noun,noun,none
(prn n) order,እዚ,(uncategorized) Uncategorized,uncategorized,none
those,እዚኣቶም,(prn) pronoun,pronoun,none
"part, role",እጃም,(n) noun,noun,none
handle,እጅገ,(n) noun,noun,none
"splendid, magnificent",እጹብ,(a) adjective,adjective,none
"forest, tree",ኦም,(n) noun,noun,none
"hello, good morning",ከመይ ሓዲርኩም,(n) noun,noun,none
good evening,ከመይ ኣምሲኩም,(n) noun,noun,none
"hello, good morning",ከመይ ዊዕልኩም,(n) noun,noun,none
"(adv a) like, similar",ከም,(uncategorized) Uncategorized,uncategorized,none
"equally, as well,too",ከምኡውን,(adv) adverb,adverb,none
bag,ከረጺት,(n) noun,noun,none
"miserable, wretched,destitute",ከርፋሕ,(a) adjective,adjective,none
"pursue, accuse",ከሰሰ,(v) verb,verb,none
accuser,ከሰስቲ,(np) noun plural,noun,plural
accuser,ከሳሲ,(nm) noun masculine,noun,masculine
accuser,ከሳሲት,(nf) noun feminine,noun,feminine
stomach,ከስዐ,(n) noun,noun,none
cook,ከሻኒ,(nm) noun masculine,noun,masculine
cook,ከሻኒት,(nf) noun feminine,noun,feminine
cupboard,ከብሒ,(n) noun,noun,none
run around,ከብከብ በለ,(v) verb,verb,none
"belly, stomach, liver,",ከብዲ,(n) noun,noun,none
sole,ከብዲ ሳእኒ,(n) noun,noun,none
Protestantism,ከኒሻነት,(n) noun,noun,none
"walk, leave, go, travel",ከደ,(v) verb,verb,none
servant,ከዳሚ,(nm) noun masculine,noun,masculine
servant,ከዳሚት,(nf) noun feminine,noun,feminine
"deceive, betray",ከድዐ,(v) verb,verb,none
pay,ከፈአ,(v) verb,verb,none
part of a house,ከፍሊ ገዛ,(n) noun,noun,none
"all, any",ኩሉ,(adv) adverb,adverb,none
kidney,ኩሊት,(n) noun,noun,none
"clutter, heap, pile",ኩምራ,(an) adjective noun,adjective,noun-derived
"trust, proud",ኩሩዕ,(a) adjective,adjective,none
anger,ኩራ,(n) noun,noun,none
"corner, angle",ኩርናዕ,(n) noun,noun,none
ankle,ኩርናዕ እግሪ,(n) noun,noun,none
(af) angry,ኩርፍፍቲ,(uncategorized) Uncategorized,uncategorized,none
thimble,ኩስቱባን,(n) noun,noun,none
cube,ኩቦ,(n) noun,noun,none
"condition, situation",ኩነታት,(n) noun,noun,none
mood,ኩነት ኣእምር,(n) noun,noun,none
war,ኩናት,(n) noun,noun,none
"soccer, football",ኩእሶ እግሪ,(n) noun,noun,none
math,ኩጽሪ,(n) noun,noun,none
pay off,ኪኸፍል,(v) verb,verb,none
alliance,ኪዳን,(n) noun,noun,none
ecclesiastical,ካህን,(an) adjective noun,adjective,noun-derived
bottom,ካልሲ ነዊሕ,(n) noun,noun,none
worn,ካልኣይ ኢድ,(a) adjective,adjective,none
"high school,",ካልኣይ ደረጃ,(n) noun,noun,none
"shirt, blouse",ካሚሻ,(n) noun,noun,none
"card, map",ካርታ,(n) noun,noun,none
concrete,ካሻስትሩስ,(n) noun,noun,none
ring,ካቲም,(n) noun,noun,none
cabbage,ካዉሎ ካፑቺ,(n) noun,noun,none
"cabbage, green",ካውሎ,(n) noun,noun,none
cauliflower,ካውሎ ፊየሪ,(n) noun,noun,none
cauliflower,ካውሎ ፍዮሪ,(n) noun,noun,none
shower,ካፋ,(n) noun,noun,none
climate,ክሊማ,(n) noun,noun,none
"accusation, prosecution",ክሲ,(n) noun,noun,none
"(adv prep) as far as, up to,",ክሳብ,(uncategorized) Uncategorized,uncategorized,none
"so, so much",ክሳብ ክንድቲ,(adv) adverb,adverb,none
"as much, many",ክሳብ ክንድኡ,(adv) adverb,adverb,none
collar,ክሳድ ጎቦ,(n) noun,noun,none
"loss, ruin",ክስራን,(n) noun,noun,none
"cooking, kitchen",ክሽነ,(n) noun,noun,none
"honourable, precious,",ክቡር,(a) adjective,adjective,none
"circle, round",ክቢ,(n) noun,noun,none
"put up, erect, pitch",ክብ ኣበለ,(v) verb,verb,none
"be worth, cost",ክብሪ ዘለዎ,(v) verb,verb,none
town hall,ክንተባ,(n) noun,noun,none
"(adv) how much,",ክንደይ,(n) noun,noun,none
fin,ክንፊ ዓሳ,(n) noun,noun,none
able,ክእለታዊ,(a) adjective,adjective,none
"talent, skill, ability",ክእለት,(n) noun,noun,none
"clothes, suit, garment",ክዳን,(n) noun,noun,none
opening,ክፋት,(n) noun,noun,none
"cabin, section, room,",ክፍሊ,(n) noun,noun,none
operating,ክፍሊ መጥባሕቲ,(n) noun,noun,none
phone booth,ክፍሊ ተለፎን,(n) noun,noun,none
"security, safety",ክፍሊ ገበን,(n) noun,noun,none
committee,ኮሚተ,(n) noun,noun,none
tomato,ኮሚደሮ,(n) noun,noun,none
commanding officer,ኮማንደር,(n) noun,noun,none
get annoyed,ኮረየ,(v) verb,verb,none
"corridor, passage",ኮረደዮ,(n) noun,noun,none
"whip, flog",ኮርመጀ,(v) verb,verb,none
"hobo, bum, homeless,",ኮብላሊ,(n) noun,noun,none
"cover, blanket",ኮቦርታ,(n) noun,noun,none
battery,ኮቦሮ ኦርከስትራ,(n) noun,noun,none
"turn up, produce, happen,",ኮነ,(v) verb,verb,none
"sentence, give up,",ኮነነ,(v) verb,verb,none
"become, happen, occur",ኰነ,(v) verb,verb,none
dig,ኰዓተ,(v) verb,verb,none
"neck, collar",ኳሌታ,(n) noun,noun,none
crow,ኳኽ,(n) noun,noun,none
"hollow out, dig",ኳዓተ,(v) verb,verb,none
grave-digger,ኳዓታይ,(n) noun,noun,none
angry,ኾራዪ,(a) adjective,adjective,none
(af) angry,ኾራይት,(uncategorized) Uncategorized,uncategorized,none
(am) angry,ኾርፋፍ,(uncategorized) Uncategorized,uncategorized,none
"light up, switch on",ወለዐ,(v) verb,verb,none
"parent, relative",ወለዲ,(n) noun,noun,none
"polish, wax, rub",ወልወለ,(v) verb,verb,none
"run, flow",ወሓዘ,(v) verb,verb,none
"swallow, devour",ወሓጠ,(v) verb,verb,none
"news, information,",ወረ,(n) noun,noun,none
"invade, overcome,",ወረረ,(v) verb,verb,none
compose,ወረበ,(v) verb,verb,none
descend,ወረደ,(v) verb,verb,none
polite,ወረጃ,(a) adjective,adjective,none
"decide, limit, fix",ወሰነ,(v) verb,verb,none
"border, edging",ወሰን,(n) noun,noun,none
"coast, chop",ወሰን ባሕሪ,(n) noun,noun,none
"infinite,",ወሰን ዘአይብሉ,(an) adjective noun,adjective,noun-derived
define,ወሰአነ,(v) verb,verb,none
"increase, rise, add",ወሰኸ,(v) verb,verb,none
"take away, take",ወሰደ,(v) verb,verb,none
gesture,ወስታ,(n) noun,noun,none
channel,ወሽመጥ,(n) noun,noun,none
"reproach, accuse",ወቐሰ,(v) verb,verb,none
reproach,ወቕሳ,(n) noun,noun,none
"hit, strike",ወቕዐ,(v) verb,verb,none
"soldier, police",ወተሃደር,(n) noun,noun,none
"to have, possess",ወነነ,(v) verb,verb,none
"owner, landlord",ወናኒ,(n) noun,noun,none
advocate,ወከል,(n) noun,noun,none
advocator,ወከልቲ,(npl) noun plural,noun,plural
accusation,ወከሰ,(n) noun,noun,none
accuser,ወከስቲ,(np) noun plural,noun,plural
"deputy, Member",ወኪል ህዝቢ,(n) noun,noun,none
advocator,ወካሊ,(nm) noun masculine,noun,masculine
advocator,ወካሊት,(nf) noun feminine,noun,feminine
accuser,ወካሲ,(nm) noun masculine,noun,masculine
accuser,ወካሲት,(nf) noun feminine,noun,feminine
"appearance, look",ወዝ,(n) noun,noun,none
bring in the grape,ወይኒ ኣረየ,(v) verb,verb,none
madam,ወይዘሮ,(n) noun,noun,none
"drop, fall",ወደቐ,(v) verb,verb,none
"boy, son",ወዲ,(n) noun,noun,none
cousin (mother's,ወዲ ሓትኖ,(n) noun,noun,none
cousin (father's,ወዲ ሓወቦ,(n) noun,noun,none
"humane, human",ወዲ ሰብ,(a) adjective,adjective,none
cousin (father's,ወዲ ኣሞ,(n) noun,noun,none
cousin (mother's,ወዲ ኣኮ,(n) noun,noun,none
grandson,ወዲ ወዲ,(n) noun,noun,none
compatriot,ወዲ ዓዲ,(n) noun,noun,none
country,ወዲ ገጠር,(a) adjective,adjective,none
grandson,ወዲ ጓል,(n) noun,noun,none
failed,ወዲቐ,(a) adjective,adjective,none
conclude,ወድአ,(v) verb,verb,none
flank,ወገን,(n) noun,noun,none
"sentence, condemn",ወገዘ,(v) verb,verb,none
"ban, forbid, abolish, get",ወገደ,(v) verb,verb,none
"sting, prick",ወግአ,(v) verb,verb,none
surgeon,ወጔሳ,(n) noun,noun,none
"draw, pull",ወጠጠ,(v) verb,verb,none
goat,ወጠጦ,(n) noun,noun,none
"come/go out, leave",ወጸ,(v) verb,verb,none
(adv n) outside,ወጻኢ,(uncategorized) Uncategorized,uncategorized,none
"strange, foreign,",ወጻእተኛ,(an) adjective noun,adjective,noun-derived
"offer, dedicate",ወፈየ,(v) verb,verb,none
willow,ዊሎው,(n) noun,noun,none
chair,ዋላ ስብከት,(n) noun,noun,none
owner,ዋና ገዛ,(n) noun,noun,none
secretary,ዋና ጸሓፊ,(n) noun,noun,none
"ownership, property",ዋንነት,(n) noun,noun,none
"heat, warmth",ዋዒ,(n) noun,noun,none
conference,ዋዕላ,(n) noun,noun,none
"cost, value, worth, price",ዋጋ,(n) noun,noun,none
win,ዋጋ ጻዕሩ ረኸበ,(v) verb,verb,none
"guarantee, security",ውሕስነት,(n) noun,noun,none
a little,ውሕድ,(adv) adverb,adverb,none
"decision, determination,",ውሳኔ,(n) noun,noun,none
crumb,ውሽጢ ባኒ,(n) noun,noun,none
inferior,ውሽጣዊ,(adv) adverb,adverb,none
"treaty, agreement,",ውዕል,(n) noun,noun,none
enthusiasm,ውዕውዕ ስምዒት,(n) noun,noun,none
exhausted,ውዲእ,(a) adjective,adjective,none
"war, battle, fight",ውግእ,(n) noun,noun,none
"effect, result,",ውጽኢት,(n) noun,noun,none
"corn, maize",ዑፉን,(n) noun,noun,none
bird,ዑፍ,(n) noun,noun,none
haddock,ዒሉ,(n) noun,noun,none
"artificial lake, water well",ዒላ,(n) noun,noun,none
kitten,ዒዋል,(n) noun,noun,none
"bring, put up",ዓለመ,(v) verb,verb,none
"land, arrive",ዓለበ,(v) verb,verb,none
"material, fabric, linen",ዓለባ,(n) noun,noun,none
"nice, friendly",ዓላ,(a) adjective,adjective,none
"sympathy, liveliness",ዓላነት,(n) noun,noun,none
"race, descent",ዓሌት,(n) noun,noun,none
"annual, yearly",ዓመታዊ,(a) adjective,adjective,none
customers,ዓማዊል,(n) noun,noun,none
"open up, flower,",ዓምበበ,(v) verb,verb,none
lead,ዓረር,(n) noun,noun,none
land,ዓረፈ,(v) verb,verb,none
eleventh,ዓሰርተ ሓደ ክፍሊ,(n) noun,noun,none
twelfth,ዓሰርተ ክልተ ክፍሊ,(n) noun,noun,none
stale,ዓሳው,(a) adjective,adjective,none
"keep, maintain, uphold,",ዓቀበ,(v) verb,verb,none
"take in, shelter",ዓቐበ,(v) verb,verb,none
slope,ዓቐብ,(n) noun,noun,none
"size, measurement,",ዓቐን,(n) noun,noun,none
"develop, grow",ዓበየ,(v) verb,verb,none
clock,ዓባይ ሰዓት,(n) noun,noun,none
big toe/finger,ዓባይ ዓባይቶ,(n) noun,noun,none
dominate,ዓብለለ,(v) verb,verb,none
"great, old, large",ዓብዪ,(a) adjective,adjective,none
"great, old, large",ዓብይ,(a) adjective,adjective,none
chickpea,ዓተር,(n) noun,noun,none
be in the way,ዓንቀጸ,(v) verb,verb,none
"paragraph, article",ዓንቀጽ,(n) noun,noun,none
prevent,ዓንቀፈ,(v) verb,verb,none
frolic,ዓንደረ,(v) verb,verb,none
"farmer, peasant",ዓኳይ,(n) noun,noun,none
"success, triumph, win,",ዓወት,(n) noun,noun,none
"calendar,",ዓውደ ኣዋርሕ,(n) noun,noun,none
goose,ዓዓ,(n) noun,noun,none
employ,ዓያዪ ኣሕደረ,(v) verb,verb,none
"blind, dazzle",ዓይነ ስዉር,(a) adjective,adjective,none
"quality, sort, kind",ዓይነት,(n) noun,noun,none
"pea,peas",ዓይኒ ዓተር,(n) noun,noun,none
"distribute, deliver",ዓደለ,(v) verb,verb,none
country,ዓዲ,(n) noun,noun,none
"buyer, purchaser",ዓዳጊ,(n) noun,noun,none
"restrict, prevent, warn",ዓገተ,(v) verb,verb,none
"close, shut, lock up",ዓጸወ,(v) verb,verb,none
mow down,ዓጸደ,(v) verb,verb,none
"fold, bend",ዓጸፈ,(v) verb,verb,none
"bone, bones",ዓጽሚ,(n) noun,noun,none
date,ዕለት,(n) noun,noun,none
date,ዕለት ገበረ,(v) verb,verb,none
"target, aim, goal",ዕላማ,(n) noun,noun,none
flood,ዕልቅቕልቕ,(n) noun,noun,none
task,ዕማም,(n) noun,noun,none
depth,ዕምቆት,(n) noun,noun,none
"flower, blossom",ዕምባባ,(n) noun,noun,none
"fist, punch",ዕምኮ,(n) noun,noun,none
"rest, relaxation",ዕረፍቲ,(n) noun,noun,none
"friendly, association",ዕርክነታዊ,(a) adjective,adjective,none
wall,ዕርዲ,(n) noun,noun,none
"not know, ignore",ዕሽሽ በለ,(v) verb,verb,none
"economy, economics",ዕቃበ,(n) noun,noun,none
puddle,ዕቋር ማይ,(n) noun,noun,none
favourite,ዕቑብ,(n) noun,noun,none
size,ዕብየት,(n) noun,noun,none
"serious, grave",ዕተብ,(a) adjective,adjective,none
serious,ዕቱብ,(a) adjective,adjective,none
pot,ዕትሮ,(n) noun,noun,none
pearl,ዕንቍ,(n) noun,noun,none
"devastate, desolation,",ዕንወት,(n) noun,noun,none
bumblebee,ዕንዛርያ,(n) noun,noun,none
"winner, victor",ዕዉት,(a) adjective,adjective,none
"exercise, work",ዕዮ,(n) noun,noun,none
house work,ዕዮ ገዛ,(n) noun,noun,none
"distribution, delivery",ዕደላ,(n) noun,noun,none
guest,ዕዲም,(n) noun,noun,none
"bazaar, fair",ዕዳጋ,(n) noun,noun,none
"chance, luck, fortune",ዕድል,(n) noun,noun,none
destiny,ዕድልነት,(n) noun,noun,none
agitation,ዕግርግር,(n) noun,noun,none
"wrinkled, crumple",ዕጣር,(an) adjective noun,adjective,noun-derived
uniform,ዕጥቂ,(n) noun,noun,none
lot,ዕጫ,(n) noun,noun,none
"closed, shut",ዕጽዉ,(a) adjective,adjective,none
corn,ዕፉን,(n) noun,noun,none
pleasant,ዘሐጉስ,(a) adjective,adjective,none
get colder,ዘሓለ,(v) verb,verb,none
deplorable,ዘሕዝን,(a) adjective,adjective,none
"shameful, ashamed",ዘሕፍር,(a) adjective,adjective,none
sing,ዘመረ,(v) verb,verb,none
"steal, rob",ዘመተ,(v) verb,verb,none
modern,ዘመናዊ,(a) adjective,adjective,none
"age, epoch",ዘመን,(n) noun,noun,none
"talk, speech",ዘረባ,(n) noun,noun,none
growing,ዘራእቲ,(n) noun,noun,none
"sow, spread",ዘርአ,(v) verb,verb,none
seed,ዘርኢ,(n) noun,noun,none
seed,ዘርኢ ለሚን,(n) noun,noun,none
harsh,ዘርዕድ,(a) adjective,adjective,none
"unroll, unwind, exhibit",ዘርገሐ,(v) verb,verb,none
"horrible, terrible",ዘሰንብድ,(a) adjective,adjective,none
horrible,ዘስካሕክሕ,(a) adjective,adjective,none
"beat, strike",ዘበጠ,(v) verb,verb,none
guard,ዘብዐኛ,(n) noun,noun,none
"rain, raining",ዘነበ,(v) verb,verb,none
"basket, wastebasket",ዘንቢል,(n) noun,noun,none
"stick, baton",ዘንጊ,(n) noun,noun,none
"luminous, bright",ዘንጸባርቕ,(a) adjective,adjective,none
"drive, conduct",ዘወረ,(v) verb,verb,none
"driver, conductor",ዘዋሪ,(n) noun,noun,none
crown,ዘውዲ ደፍአ,(v) verb,verb,none
"unpleasant,",ዘየሐጉስ,(a) adjective,adjective,none
"ungrateful,",ዘየመስግን,(a) adjective,adjective,none
"rare, scarce, sparse",ዘይልሙድ,(a) adjective,adjective,none
"waste, uncultivated",ዘይሕረስ,(a) adjective,adjective,none
"unhappy, displeased",ዘይሕጉስ,(a) adjective,adjective,none
"single, unmarried,",ዘይምርዕዉ,(an) adjective noun,adjective,noun-derived
"(vn) disobey,",ዘይምእዛዝ,(uncategorized) Uncategorized,uncategorized,none
acquittal,ዘይበደለኛ,(n) noun,noun,none
"unworthy, unfit",ዘይብቑዕ,(a) adjective,adjective,none
minor,ዘይብጹሕ,(an) adjective noun,adjective,noun-derived
strange,ዘይተራእየ,(a) adjective,adjective,none
"inevitable, fatal",ዘይተርፍ,(a) adjective,adjective,none
impatience,ዘይትዕግስቲ,(n) noun,noun,none
"motionless,",ዘይንቀሳቐስ,(a) adjective,adjective,none
"careless, negligent,",ዘይግደስ,(a) adjective,adjective,none
,ዘይጥበባዊ ሰራሕተኛ,(n) noun,noun,none
"discomfort,",ዘይጥጣሐ,(n) noun,noun,none
unprocessed,ዘይጽሩይ ጽብጻብ,(a) adjective,adjective,none
"unknown, strange",ዘይፍሉጥ,(a) adjective,adjective,none
"magnificent, wonderful,",ዘደንቕ,(a) adjective,adjective,none
"strange, bizarre",ዘገርም,(a) adjective,adjective,none
wild,ዘገዳማዊ,(a) adjective,adjective,none
"walk, walking, stroll",ዙረት,(n) noun,noun,none
"surroundings,",ዙርያ,(n) noun,noun,none
zucchini,ዙኪኒ,(n) noun,noun,none
"buzz, hum, ring",ዚዝ በለ,(v) verb,verb,none
terrace,ዛላ,(n) noun,noun,none
"coolness, cold",ዛሕሊ,(n) noun,noun,none
stream,ዛሬባ,(n) noun,noun,none
"story, account",ዛንታ,(n) noun,noun,none
pheasant,ዛግራ,(n) noun,noun,none
naturalize,ዜግነት ለወጠ,(v) verb,verb,none
sovereign,ዝለዓለ ገዛኢ,(n) noun,noun,none
"cold, slow",ዝሑል,(a) adjective,adjective,none
"previous, late",ዝሓለፈ,(a) adjective,adjective,none
"visible, clear",ዝረአ,(a) adjective,adjective,none
"maintenance, upkeep,",ዝርርብ,(n) noun,noun,none
"agreeable, (n) ideal",ዝሰማማዕ,(a) adjective,adjective,none
"next, following",ዝስዕብ,(a) adjective,adjective,none
"tray, surface, stage",ዝባን,(n) noun,noun,none
edible,ዝብላዕ,(a) adjective,adjective,none
"anxious, worried,",ዝተሻቐለ,(a) adjective,adjective,none
clear,ዝተቖጥቆጠ,(a) adjective,adjective,none
harmonious,ዝተዋሃሃደ,(a) adjective,adjective,none
solid,ዝተጨቓጨቑ ኣክራን,(n) noun,noun,none
"different, varied,",ዝተፈለየ,(a) adjective,adjective,none
divorce,ዝተፋትሐ,(a) adjective,adjective,none
"glory, reputation",ዝና,(n) noun,noun,none
rainy,ዝናባዊ,(a) adjective,adjective,none
"rain, storm",ዝናብ,(n) noun,noun,none
shower,ዝናብ መሕጸቢ,(n) noun,noun,none
"foolish, thoughtless,",ዝንጉዕ,(a) adjective,adjective,none
major,ዝኣኸለ,(a) adjective,adjective,none
practice,ዝዉተራ,(n) noun,noun,none
(adv n) more,ዝያዳ,(uncategorized) Uncategorized,uncategorized,none
spiced,ዝግኒ,(n) noun,noun,none
upset,ዝጓሃየ,(a) adjective,adjective,none
muddy,ዝጨቀወ,(a) adjective,adjective,none
"turn, stir, toss",ዞረ,(v) verb,verb,none
"area, neighbourhood,",ዞባ,(n) noun,noun,none
industrial area,ዞባ ቤት ዕዮታት,(a) adjective,adjective,none
commercial area,ዞባ ዕዳጋ,(a) adjective,adjective,none
university,ዩኒቨርስቲ,(n) noun,noun,none
"excuse, forgive",ይቕረ በለ,(v) verb,verb,none
"sorry, excuse me",ይቕረታ,(n) noun,noun,none
"appeal, call",ይግባይ,(n) noun,noun,none
"voice, sound",ደሃይ,(n) noun,noun,none
"need, want, desire",ደለየ,(v) verb,verb,none
sturdy,ደልዳላ,(a) adjective,adjective,none
"back away, fall back,",ደሓረ,(v) verb,verb,none
"good, okay",ደሓን,(a) adjective,adjective,none
be welcome,ደሓን ምጽ,(a) adjective,adjective,none
"farewell,",ደሓን ኩን,(interj) interjection,interjection,none
"(n interj) hello,",ደሓንዶ ሓዲርካ,(uncategorized) Uncategorized,uncategorized,none
"add, addition",ደመረ,(v) verb,verb,none
grenade,ደማሚት,(n) noun,noun,none
"undo, take down,",ደምሰሰ,(v) verb,verb,none
conclude,ደምደመ,(v) verb,verb,none
pay,ደሞዝ,(n) noun,noun,none
dry,ደረቐ,(v) verb,verb,none
"limit, boundary",ደረት,(n) noun,noun,none
infinitely,ደረት ኣልቦ,(adv) adverb,adverb,none
force,ደረኸ,(v) verb,verb,none
"caress, cherish",ደረዘ,(v) verb,verb,none
"class, level",ደረጃ,(n) noun,noun,none
"author, editor, writer",ደራሲ,(n) noun,noun,none
author,ደራሳይ,(n) noun,noun,none
"chicken, rooster",ደርሆ,(n) noun,noun,none
"gigantic, giant",ደርማስ,(an) adjective noun,adjective,noun-derived
"floor, story",ደርቢ,(n) noun,noun,none
"doorstep, doorstep",ደርኩኺት,(n) noun,noun,none
ruler,ደሲ ሚተር,(n) noun,noun,none
"joy, pleasure",ደስታ,(n) noun,noun,none
"sleep, fall asleep, go to",ደቀሰ,(v) verb,verb,none
"tiny, minuscule",ደቂቕ,(a) adjective,adjective,none
"console, comfort",ደበሰ,(v) verb,verb,none
"bomb, bombard",ደብደበ,(v) verb,verb,none
"mail, courier, letter",ደብዳቤ,(n) noun,noun,none
"lean out, bend down",ደነነ,(v) verb,verb,none
"stupid, ignorant",ደንቆሮ,(a) adjective,adjective,none
"be moved, be touched,",ደንገጸ,(v) verb,verb,none
"delay, hold up",ደንጎየ,(v) verb,verb,none
"ring, phone, telephone",ደወለ,(v) verb,verb,none
bell,ደውል,(n) noun,noun,none
"repeat, say again",ደገመ,(v) verb,verb,none
dazzle,ደጉሐ,(v) verb,verb,none
rush,ደፋፍአ,(v) verb,verb,none
forest,ዱር,(n) noun,noun,none
fur,ዲኖ,(n) noun,noun,none
"explore, reveal",ዳህሰሰ,(v) verb,verb,none
judge,ዳነየ,(v) verb,verb,none
"calf, leg",ዳንጋ,(n) noun,noun,none
judge,ዳኛ,(n) noun,noun,none
"head-master,",ዳይረክቶር,(n) noun,noun,none
nut,ዳዶ,(n) noun,noun,none
"will, wish, desire",ድሌት,(n) noun,noun,none
"thick, dense",ድልዱል,(a) adjective,adjective,none
"dyke, bridge",ድልድል,(n) noun,noun,none
now,ድሕሪ ሕጂ,(adv) adverb,adverb,none
"back, backward",ድሕሪት,(n) noun,noun,none
safe and sound,ድሕንነት,(a) adjective,adjective,none
"shiny, bright",ድሙቕ,(a) adjective,adjective,none
"amount, sum",ድምር,(n) noun,noun,none
"subtle, slight",ድምቀት,(n) noun,noun,none
"voice, sound",ድምጺ,(n) noun,noun,none
vocal,ድምጻዊ,(a) adjective,adjective,none
"hard, dry",ድሩቕ,(a) adjective,adjective,none
"dryness, drought",ድርቂ,(n) noun,noun,none
"(n adv) previous, already",ድሮ,(uncategorized) Uncategorized,uncategorized,none
"satisfied, content, joyful",ድሱት,(a) adjective,adjective,none
shade,ድነ,(n) noun,noun,none
tent,ድንኳን,(n) noun,noun,none
"(n adv) lateness, late",ድንጉይ,(uncategorized) Uncategorized,uncategorized,none
"pity, sympathy",ድንጋጸ,(n) noun,noun,none
"store, boutique",ድኳን,(n) noun,noun,none
"weak, fatigued,",ድኹም,(a) adjective,adjective,none
"fertilizer, manure,",ድኹዒ,(n) noun,noun,none
poor,ድኻ,(a) adjective,adjective,none
"weakness, tiredness",ድኻም,(n) noun,noun,none
"outside, external",ድጋዊ,(a) adjective,adjective,none
repetition,ድግማ,(n) noun,noun,none
"frontier, border",ዶብ,(n) noun,noun,none
doctor,ዶክቶር,(n) noun,noun,none
row,ጀለበ,(v) verb,verb,none
"begin, start",ጀመረ,(v) verb,verb,none
overflow,ጀርበበ,(v) verb,verb,none
cheese,ጀብና,(n) noun,noun,none
walnut,ጀዝ,(n) noun,noun,none
"heroic, hero",ጀግና,(an) adjective noun,adjective,noun-derived
heroine,ጀግና ጓል,(n) noun,noun,none
cowardice,ጁርቅና,(n) noun,noun,none
"pocket, vest, jacket",ጁባ,(n) noun,noun,none
claim,ጃህራ,(n) noun,noun,none
majesty,ጃንሆይ,(n) noun,noun,none
"vest, jacket",ጃኬት,(n) noun,noun,none
"geometry,geometrician",ጆመትሪ,(n) noun,noun,none
"gnaw, eat into",ገሃጸ,(v) verb,verb,none
"tunnel, gallery",ገለርያ,(n) noun,noun,none
"anything, nothing",ገለኳ,(adv) adverb,adverb,none
"describe, express, voice,explain",ገለጸ,(v) verb,verb,none
"clap, slam",ገም ኣበለ,(v) verb,verb,none
"slam, chattering",ገምታ,(n) noun,noun,none
"coast, edge",ገምገም,(n) noun,noun,none
lemon-tree,ገረብ ለሚን,(n) noun,noun,none
chestnut-tree,ገረብ ቸስትናት,(n) noun,noun,none
"lampshade, sun-blind,",ገራድ ብርሃን,(n) noun,noun,none
"make, do, perform, act,",ገበረ,(v) verb,verb,none
"criminal, guilty",ገበነኛ,(a) adjective,adjective,none
benefactor,ገባር ሰናይ,(n) noun,noun,none
paradise,ገነት,(n) noun,noun,none
money,ገንዘብ,(n) noun,noun,none
"unroll, unfold",ገንጸለ,(v) verb,verb,none
"howl, roar, bawl",ገዓረ,(v) verb,verb,none
"move everything out,",ገዓዘ,(v) verb,verb,none
"big, large",ገዚፍ,(a) adjective,adjective,none
"house, home",ገዛ,(n) noun,noun,none
"kennel, dog house",ገዛ ኸልቢ,(n) noun,noun,none
"rule, control, reign",ገዝአ,(v) verb,verb,none
"traveller, passenger",ገያሻይ,(n) noun,noun,none
"leave, abandon",ገደፈ,(v) verb,verb,none
"convent, monastery",ገዳም,(n) noun,noun,none
"face, page",ገጽ,(n) noun,noun,none
landscape,ገጽ መሬት,(n) noun,noun,none
dial,ገጽ ሰዓት,(n) noun,noun,none
ant-hill,ጉላ,(n) noun,noun,none
shawl,ጉልባብ,(n) noun,noun,none
take off one's,ጉልባብ ቀልዐ,(v) verb,verb,none
sword,ጉራዶ,(n) noun,noun,none
"neighbourhood,",ጉርብትና,(n) noun,noun,none
"assembly, meeting,",ጉባኤ,(n) noun,noun,none
"adolescence, youth",ጉብዝና,(n) noun,noun,none
cheek,ጉንጪ,(n) noun,noun,none
"distance, journey, trip",ጉዕዞ,(n) noun,noun,none
fraction,ጉዚ,(n) noun,noun,none
"lack, shortage",ጉዳል,(n) noun,noun,none
"business, matter, case",ጉዳይ,(n) noun,noun,none
"fault, error, mistake",ጉድለት,(n) noun,noun,none
"damage, injury, hurt",ጉድኣት,(n) noun,noun,none
"pit, hole, ditch, trench",ጉድጓድ,(n) noun,noun,none
rabbit hole,ጉድጓድ ውኻርዋያ,(n) noun,noun,none
grove,ጉጅለ ኣግራብ,(n) noun,noun,none
"choir, chorus",ጉጅለ ዘመርቲ,(n) noun,noun,none
"well, shaft",ጋህሲ,(n) noun,noun,none
frankness,ጋህዲ,(n) noun,noun,none
"basin, artificial lake",ጋብላ,(n) noun,noun,none
shadow,ጋንጽላ,(n) noun,noun,none
"journal, newspaper",ጋዜጣ,(n) noun,noun,none
"still, yet, but",ጌና,(adv) adverb,adverb,none
"(na) error, mistake",ጌጋ,(uncategorized) Uncategorized,uncategorized,none
block,ግላዕ,(n) noun,noun,none
"fog, smog",ግመ,(n) noun,noun,none
"foggy, hazy",ግማዊ,(a) adjective,adjective,none
"estimate, (v) estimate",ግምት,(n) noun,noun,none
"magnificent,",ግሩም,(an) adjective noun,adjective,noun-derived
"tax, duty, taxation",ግብሪ,(n) noun,noun,none
actively,ግብራዊ,(a) adjective,adjective,none
reception,ግብጃ,(n) noun,noun,none
captain,ግብጣን,(n) noun,noun,none
"but, however",ግና,(con) conjunction,conjunction,none
"ugly, nasty, unpleasant",ግናይ,(a) adjective,adjective,none
"but, however",ግን,(con) conjunction,conjunction,none
ankle,ግንቦ እግሪ,(n) noun,noun,none
"enormous, huge",ግዙፍ,(a) adjective,adjective,none
"momentary,",ግዚያዊ,(a) adjective,adjective,none
time,ግዜ,(n) noun,noun,none
"leisure, spare time",ግዜ ዕረፍቲ,(n) noun,noun,none
"territory, colony,kingdom, domain",ግዝኣት,(n) noun,noun,none
kindness,ግዴታ,(n) noun,noun,none
"problem, puzzle",ግድል,(n) noun,noun,none
"poetry, poem",ግጥሚ,(n) noun,noun,none
match,ግጥም,(n) noun,noun,none
width,ግፍሓት,(n) noun,noun,none
"cover up, conceal",ጎልበበ,(v) verb,verb,none
"field, ground",ጎልጉል,(n) noun,noun,none
"cunning, smart, clever",ጎራሕ,(a) adjective,adjective,none
"throat, neck",ጎሮሮ,(n) noun,noun,none
"young, youth, younger",ጎበዝ,(an) adjective noun,adjective,noun-derived
yield,ጎበጠ,(v) verb,verb,none
"mountainous, hilly",ጎባዊ,(a) adjective,adjective,none
"turtle, tortoise",ጎብየ,(n) noun,noun,none
knock,ጎነጸ,(v) verb,verb,none
violent,ጎነጻዊ,(a) adjective,adjective,none
"violence, force",ጎነጽ,(n) noun,noun,none
"knock, hit, clash",ጎንጺ,(n) noun,noun,none
"carve, cut up",ጎዘየ,(v) verb,verb,none
"run, race, flow",ጎየየ,(v) verb,verb,none
be absent,ጎደለ,(v) verb,verb,none
"(a adv) lesser, the least, the slightest, less",ጎደሎ,(uncategorized) Uncategorized,uncategorized,none
"suburbs, outskirts",ጎደቦ,(n) noun,noun,none
"obtuse, dull",ጎዲም,(a) adjective,adjective,none
rivet,ጎዲም መስማር,(n) noun,noun,none
"injure, wound, hurt,",ጎድአ,(v) verb,verb,none
"group, gather, cluster",ጎጅለ,(v) verb,verb,none
run,ጐየየ,(v) verb,verb,none
decline,ጐደለ,(v) verb,verb,none
flat round unleavened home made bread,ጐጐ,(n) noun,noun,none
jalapeño,ጒዕ,(n) noun,noun,none
embers,ጓህሪ,(n) noun,noun,none
"daughter, girl,",ጓል,(n) noun,noun,none
cousin (mother's sister),ጓል ሓትነ,(n) noun,noun,none
cousin (father's brother),ጓል ሓወቦ,(n) noun,noun,none
niece (brother),ጓል ሓው,(n) noun,noun,none
fairy,ጓል ሕድርትና,(n) noun,noun,none
cousin (father's sister),ጓል ኣሞ,(n) noun,noun,none
cousin (mother's brother),ጓል ኣኮ,(n) noun,noun,none
classmate (female),ጓል ክፍሊ,(n) noun,noun,none
granddaughter,ጓል ወዲ,(n) noun,noun,none
granddaughter,ጓል ጓል,(n) noun,noun,none
"keep, preserve, mind, look after",ጓሰየ,(v) verb,verb,none
"tray, plateau",ጓንተራ,(n) noun,noun,none
"(vn) request, require",ጠለበ,(uncategorized) Uncategorized,uncategorized,none
embroider,ጠለፈ,(v) verb,verb,none
"moisture, humidity",ጠሊ,(n) noun,noun,none
"sink, drown",ጠሓለ,(v) verb,verb,none
miller,ጠሓኒ,(n) noun,noun,none
mill,ጠሓኒት,(n) noun,noun,none
"tie, bind",ጠመረ,(v) verb,verb,none
"see, observe, look at,watch",ጠመተ,(v) verb,verb,none
"terminate, end, finish,complete",ጠረሸ,(v) verb,verb,none
"gather, pick up",ጠርነፈ,(v) verb,verb,none
complain,ጠርዐ,(v) verb,verb,none
profit,ጠቐመ,(v) verb,verb,none
refer,ጠቐሰ,(v) verb,verb,none
"attorney, lawyer,counsel, counsellor",ጠበቓ,(n) noun,noun,none
lizard,ጠበቕ,(n) noun,noun,none
"rifle, gun",ጠበንጃ,(n) noun,noun,none
patient,ጠባይ,(n) noun,noun,none
"operate, do",ጠብሐ,(v) verb,verb,none
"cause, reason",ጠንቂ,(n) noun,noun,none
cause,ጠንቂ ኮነ,(v) verb,verb,none
"turn, twist",ጠወየ,(v) verb,verb,none
"recover, be restored,return",ጠዓየ,(v) verb,verb,none
"park, dock",ጠጠ ኣበለ,(v) verb,verb,none
"upright, standing",ጠጠው,(adv) adverb,adverb,none
"stop, pause, cease",ጠጠው በለ,(v) verb,verb,none
"push, shove, jostle",ጠጠዐ,(v) verb,verb,none
"bud, pimple",ጠጥዒ,(n) noun,noun,none
"disappear, vanish",ጠፍአ,(v) verb,verb,none
breast,ጡብ,(n) noun,noun,none
"cotton, wool",ጡጥ,(n) noun,noun,none
thicket,ጣሻ,(n) noun,noun,none
thick fog,ጣቓ,(n) noun,noun,none
applause,ጣቕዒት,(n) noun,noun,none
"taste, luxury",ጣዐሚ,(n) noun,noun,none
"regret, remorse",ጣዕሳ,(n) noun,noun,none
goat,ጤል,(n) noun,noun,none
grasshopper,ጤል ኣደይ ማርያም,(n) noun,noun,none
"tie, bunch, bouquet",ጥማር,(an) adjective noun,adjective,noun-derived
"gross, crude, rude, crass",ጥረ,(a) adjective,adjective,none
"trumpet, trumpeter",ጥሩምባ,(n) noun,noun,none
"merely, only",ጥራይ,(adv) adverb,adverb,none
"undress, strip -",ጥርሑ ኣውጽኦ,(v) verb,verb,none
undress oneself,ጥርሕ ወጽአ,(v) verb,verb,none
"bottle, flask",ጥርሙዝ,(n) noun,noun,none
ink-well,ጥርሙዝ ቀለም,(n) noun,noun,none
helmet,ጥርቡሽ,(n) noun,noun,none
"complaint, objection",ጥርዓን,(n) noun,noun,none
"stiff, straight",ጥርዙዝ,(a) adjective,adjective,none
crest,ጥርዚ,(n) noun,noun,none
suspect,ጥርጡር,(v) verb,verb,none
"doubt, suspicion",ጥርጥር,(n) noun,noun,none
"retreat, retirement",ጥሮታ,(n) noun,noun,none
"(adv n) vicinity, near, close",ጥቓ,(uncategorized) Uncategorized,uncategorized,none
"package, pack,",ጥቕላል ባኮ,(n) noun,noun,none
crisis,ጥቕዓት,(n) noun,noun,none
"artist, dexterous",ጥበበኛ,(n) noun,noun,none
"artistic, able",ጥበባዊ,(a) adjective,adjective,none
"art, ability",ጥበብ,(n) noun,noun,none
attentive,ጥንቁቕ,(a) adjective,adjective,none
"carefulness, prudence,attention, precaution",ጥንቃቐ,(n) noun,noun,none
"antique, ancient, old,past",ጥንታዊ,(a) adjective,adjective,none
"good, nice",ጥዑም,(a) adjective,adjective,none
finish,ጨረሰ,(v) verb,verb,none
"piece, part",ጨራጽ ጠርቂ,(n) noun,noun,none
"rag, scrap",ጨርቂ,(n) noun,noun,none
"blurred, muddy",ጨቃው,(a) adjective,adjective,none
applause,ጨብጨብታ,(n) noun,noun,none
"odour, scent",ጨና,(n) noun,noun,none
twig,ጨንገር,(n) noun,noun,none
branch,ጨንፈር,(n) noun,noun,none
service,ጨንፈር ስራሕ,(n) noun,noun,none
salt,ጨው,(n) noun,noun,none
pale,ጨዓይ,(a) adjective,adjective,none
hair,ጨጉሪ,(n) noun,noun,none
eyebrow,ጨጉሪ ዓይኒ,(n) noun,noun,none
stomach,ጨጎራ,(n) noun,noun,none
"press, crush",ጨፍለቐ,(v) verb,verb,none
"light, beam",ጩራ,(n) noun,noun,none
"whistle, sizzle",ጩቕጩቕ በለ,(v) verb,verb,none
chicken,ጫቚት ደርሆ,(n) noun,noun,none
"noisy, loud",ጫውጫውታ ዘለዎ,(a) adjective,adjective,none
"point, tip, end",ጫፍ,(n) noun,noun,none
"muddy, dirty",ጭቃዊ,(a) adjective,adjective,none
"proof, evidence",ጭብጢ,(n) noun,noun,none
"worried, anxious,",ጭኑቕ,(a) adjective,adjective,none
"anxiety, worry,",ጭንቀት,(n) noun,noun,none
grit,ጭንጫ,(n) noun,noun,none
Pentecost,ጰንጣይ,(n) noun,noun,none
Pen,ጲሮ,(n) noun,noun,none
Pope,ጳጳስ,(n) noun,noun,none
pray to,ጸለየ,(v) verb,verb,none
granite,ጸሊም እምኒ,(n) noun,noun,none
liver,ጸላም አብዲ,(n) noun,noun,none
"darkness, dark",ጸልማት,(an) adjective noun,adjective,noun-derived
"hate, detest, loathe",ጸልአ,(v) verb,verb,none
"secretary, employee",ጸሐፊ,(n) noun,noun,none
"author, secretary",ጸሓፊት,(n) noun,noun,none
author,ጸሓፋይ,(n) noun,noun,none
harness,ጸመደ,(v) verb,verb,none
"deaf, dumb, unable to",ጸማም,(a) adjective,adjective,none
press,ጸማቊት,(n) noun,noun,none
"press, squeeze",ጸሞቐ,(v) verb,verb,none
"insult, abuse",ጸረፈ,(v) verb,verb,none
"insult, abuse",ጸርፊ,(n) noun,noun,none
"crush, press, squeeze",ጸቐጠ,(v) verb,verb,none
"overwhelm, crush",ጸቕጢ,(n) noun,noun,none
spiced,ጸብሒ,(n) noun,noun,none
"note, bulletin",ጸብጻብ,(n) noun,noun,none
manufacture,ጸብጻብ ዕዳ,(n) noun,noun,none
last,ጸንሐ,(v) verb,verb,none
"drain, empty",ጸንቀቐ,(v) verb,verb,none
"persist in, persevere",ጸንዐ,(v) verb,verb,none
"keep up, maintain",ጸወረ,(v) verb,verb,none
"game, play",ጸወታ,(n) noun,noun,none
"call, summon",ጸወዐ,(v) verb,verb,none
"do one's best, to try",ጸዓረ,(v) verb,verb,none
"bother, inconvenience",ጸገመ,(v) verb,verb,none
"problem, puzzle",ጸገም,(n) noun,noun,none
"satiate, full",ጸገበ,(v) verb,verb,none
"mend, repair, fix",ጸገነ,(v) verb,verb,none
protection,ጸገዒ,(n) noun,noun,none
hair,ጸጉሪ,(n) noun,noun,none
"fortune, prosperity",ጸጋ,(n) noun,noun,none
pebble,ጸጸር,(n) noun,noun,none
reward,ጻማ ፈደየ,(v) verb,verb,none
"studious, hard worker",ጻዕረኛ,(a) adjective,adjective,none
"go pale, fade",ጻዕደወ,(v) verb,verb,none
garlic,ጻዕዳ ሽጉርቲ,(n) noun,noun,none
"saint, holy",ጻድቕ,(n) noun,noun,none
affect,ጽለወ,(v) verb,verb,none
"irrational, delusional,",ጽሉል,(an) adjective noun,adjective,noun-derived
"fatal, deadly",ጽሉእ,(a) adjective,adjective,none
"delusion, irrationality,",ጽላለ,(n) noun,noun,none
"shadow, shade",ጽላሎት,(n) noun,noun,none
"irrational, delusional,",ጽልልቲ,(a) adjective,adjective,none
"confusion, twilight",ጽልግልግ,(n) noun,noun,none
write,ጽሓፈ,(v) verb,verb,none
fir tree,ጽሕዲ,(n) noun,noun,none
"hand-writing, writing,",ጽሕፈት,(n) noun,noun,none
alone,ጽሙዋ,(a) adjective,adjective,none
"pale, pallid, wan,",ጽምልው,(a) adjective,adjective,none
"ceremony, formality",ጽምብል,(n) noun,noun,none
"solitude, loneliness",ጽምዋ,(n) noun,noun,none
"solitary, lonely",ጽምው,(a) adjective,adjective,none
"equal, even",ጽምዲ ቁጽሪ,(a) adjective,adjective,none
"pure, clear, neat, clean",ጽሩይ,(a) adjective,adjective,none
"plainly, flatly,",ጽሩይ ውጹእ,(a) adjective,adjective,none
"cleanness, neatness,",ጽሬት,(n) noun,noun,none
press,ጽቓጢት,(n) noun,noun,none
"good, pretty, beautiful",ጽቡቕ,(a) adjective,adjective,none
"goodwill,",ጽቡቕ ድሌት,(n) noun,noun,none
"benefit, service",ጽቡቕ ግብሪ,(n) noun,noun,none
"narrow, tight",ጽቢብ,(a) adjective,adjective,none
"firmly, strict, hard",ጽኑዕ,(a) adjective,adjective,none
"rigour,",ጽኑዕ ምክትታል,(n) noun,noun,none
remain,ጽንሐ,(v) verb,verb,none
"stay, abode, dwelling",ጽንሒት,(n) noun,noun,none
"story, tale",ጽንጽዋይ,(n) noun,noun,none
chalice,ጽዋእ ወይኒ,(n) noun,noun,none
"bushy, tangled",ጽዑቕ,(a) adjective,adjective,none
crowd,ጽዑቕ ህዝቢ,(n) noun,noun,none
delinquency,ጽየቓ,(n) noun,noun,none
"amends, reform",ጽገና,(n) noun,noun,none
hair,ጽጉሪ ርእሲ,(n) noun,noun,none
"isolate, separate",ፈለየ,(v) verb,verb,none
river,ፈለግ,(n) noun,noun,none
"know, know how to",ፈለጠ,(v) verb,verb,none
"relation, relationship",ፈለጥቲ,(n) noun,noun,none
separate,ፈላለየ,(v) verb,verb,none
exclude,ፈልዩ ኣትረፈ,(v) verb,verb,none
physics,ፈልደት,(n) noun,noun,none
"horse rider, knight,",ፈረሰኛ,(n) noun,noun,none
"rule, judge",ፈረደ,(v) verb,verb,none
judge,ፈራዲ,(n) noun,noun,none
judge,ፈራዳይ,(n) noun,noun,none
"jury, board, panel",ፈራዶ,(n) noun,noun,none
"fear, be afraid",ፈርሐ,(v) verb,verb,none
calf,ፈርሲ ዳንጋ,(n) noun,noun,none
"fail, fail",ፈሸለ,(v) verb,verb,none
affectionate,ፈቃር,(a) adjective,adjective,none
"allow, count, grant",ፈቐደ,(v) verb,verb,none
"undo, detach, solve,",ፈተሐ,(v) verb,verb,none
"(nv) temptation, try,",ፈተነ,(uncategorized) Uncategorized,uncategorized,none
"thread, yarn, string",ፈትሊ,(n) noun,noun,none
release,ፈትሐ,(v) verb,verb,none
"loosen, slacken",ፈነወ,(v) verb,verb,none
remedy,ፈውሲ,(n) noun,noun,none
repay,ፈደየ,(v) verb,verb,none
create,ፈጠረ,(v) verb,verb,none
"commit, conclude",ፈጸመ,(v) verb,verb,none
perform,ፈጽመ,(v) verb,verb,none
appreciable,ፉሉጥ,(a) adjective,adjective,none
barrel,ፊስቶ,(n) noun,noun,none
sob,ፊቕታ,(n) noun,noun,none
"finance, ready money",ፊናንስ,(n) noun,noun,none
"make up,",ፊደላት ሰርዐ,(v) verb,verb,none
letter,ፊደል,(n) noun,noun,none
"rub, scour, scrape",ፋሕፈሐ,(v) verb,verb,none
"manufacture, factory",ፋብሪካ,(n) noun,noun,none
triumph,ፋነነ,(v) verb,verb,none
"bean, green beans",ፋጆሊ,(n) noun,noun,none
"whistle, hiss, sizzle",ፋጸየ,(v) verb,verb,none
"uncommon, special,",ፍሉይ,(a) adjective,adjective,none
"knew, was aware of,",ፍሉጥ,(a) adjective,adjective,none
"first, primary",ፍልማዊ,(a) adjective,adjective,none
"know, know how to,",ፍልጠት,(n) noun,noun,none
weasel,ፍሒራ,(n) noun,noun,none
"likable, pleasant",ፍሕሽው,(a) adjective,adjective,none
fruit,ፍሩታ,(n) noun,noun,none
fear,ፍርሂ,(v) verb,verb,none
"fear, dread",ፍርሒ,(n) noun,noun,none
judgement,ፍርዲ,(n) noun,noun,none
"judgment, verdict",ፍርዲ,(n) noun,noun,none
"calm, smiling",ፍሲህ,(a) adjective,adjective,none
"pleasure, delight",ፍስሃ,(n) noun,noun,none
"failure, defeat",ፍሽለት,(n) noun,noun,none
"(v) smile,  smile",ፍሽኸታ,(n) noun,noun,none
"loving, in love with",ፍቑር,(a) adjective,adjective,none
"affection, love",ፍቕሪ,(n) noun,noun,none
"judgement, justice",ፍትሒ,(n) noun,noun,none
revenge,ፍዳ ሕነ,(n) noun,noun,none
"action, act, event",ፍጻሜ,(n) noun,noun,none
"leaf, sheet paper",ፎልዮ,(n) noun,noun,none
"furnace, cooker",ፎርነሎ,(n) noun,noun,none
"pear tree, pear",ፐረ,(n) noun,noun,none
petroleum,ፐትሮል,(n) noun,noun,none
green pepper,ፐፐሮኒ,(n) noun,noun,none
pipe,ፒፓ,(n) noun,noun,none
plane tree,ፕለይን,(n) noun,noun,none
"teacher, professor",ፕሮፈሰር,(n) noun,noun,none
"political, diplomatic",ፖለቲካዊ,(a) adjective,adjective,none
party,ፖለቲካዊ ሰልፊ,(n) noun,noun,none
"policeman, police",ፖሊስ,(n) noun,noun,none
